Product_ID,Product_Category,Price,Stock_Quantity,Demand,Season,Promotions,Weekday,Sales_Channel,Weather,Lead_Time,Supplier_Reliability,Price_Change,Economic_Indicator,Customer_Sentiment
e48dc21f,Furniture,2756.34,54.0,248.0,Spring,Yes,Monday,In-Store,Sunny,5,1.54,Yes,2.1,Neutral
062a239a,Clothing,1717.98,322.0,1500.0,Summer,Yes,Monday,In-Store,Cloudy,24,1.26,No,1.26,Negative
ee106202,Furniture,4779.86,131.0,17.0,Summer,No,Friday,Other,Rainy,11,2.99,No,2.25,Positive
c8ff13fa,Furniture,733.26,274.0,300.0,Summer,Yes,Thursday,Online,Rainy,10,1.16,No,2.3,Neutral
895c1854,Clothing,4594.79,166.0,203.0,Spring,No,Monday,In-Store,Rainy,23,4.73,No,1.76,Negative
d46f5f84,Clothing,2886.29,,173.0,Fall,No,Saturday,Online,Unknown,2,1.01,Yes,1.02,Neutral
218584e5,Groceries,49719.3,,146.0,Winter,Yes,Tuesday,Other,Sunny,1,4.01,No,2.85,Positive
422cf4fd,Electronics,1322.04,74.0,142.0,Winter,Yes,Saturday,Online,Snowy,10,3.56,No,1.26,Negative
c97df293,Groceries,4263.66,475.0,156.0,Winter,No,Sunday,In-Store,Sunny,11,3.5,Yes,0.87,Positive
a30dd2c0,Clothing,3249.49,320.0,73.0,Spring,No,Friday,In-Store,Unknown,13,2.3,Yes,2.0,Positive
c9aec491,Electronics,4322.18,410.0,40.0,Summer,No,Thursday,In-Store,Cloudy,11,4.04,Yes,2.75,Negative
34e4e5fc,Clothing,2402.81,6.0,166.0,Winter,Yes,Thursday,Online,Snowy,15,4.22,Yes,0.62,Positive
c529b081,Electronics,4417.16,305.0,,Fall,Yes,Sunday,Online,Rainy,9,2.53,Yes,3.32,Neutral
ada793f0,Groceries,4129.6,218.0,127.0,Fall,No,Monday,Other,Sunny,10,2.69,No,1.08,Negative
596e92c5,Electronics,4503.78,432.0,188.0,Fall,No,Sunday,Online,Rainy,10,1.89,No,0.94,Neutral
484f7dfb,Furniture,3164.66,76.0,,Fall,No,Thursday,In-Store,Cloudy,9,3.52,No,2.55,Neutral
a176536b,Clothing,1434.58,,1500.0,Summer,No,Tuesday,Online,Unknown,14,4.82,Yes,0.6,Negative
ee9eca2d,Groceries,4905.05,,193.0,Winter,No,Saturday,Online,Sunny,5,1.57,No,1.65,Negative
b310d353,Clothing,2708.07,443.0,91.0,Summer,Yes,Saturday,Online,Unknown,21,3.83,No,1.81,Neutral
d57a2462,Groceries,620.86,277.0,238.0,Spring,Yes,Wednesday,Online,Cloudy,12,4.64,Yes,0.93,Positive
8ac088c5,Groceries,4942.83,217.0,48.0,Summer,Yes,Tuesday,Online,Cloudy,1,3.97,Yes,1.66,Neutral
1b8279a9,Groceries,1905.62,357.0,,Winter,No,Wednesday,Online,Snowy,14,3.55,No,4.54,Negative
fc229972,Clothing,2410.78,75.0,137.0,Summer,No,Monday,In-Store,Unknown,24,2.41,Yes,2.89,Neutral
4a4e43a7,Clothing,4591.96,426.0,42.0,Winter,Yes,Monday,In-Store,Rainy,16,3.04,No,3.5,Neutral
5b25df14,Clothing,402.09,,224.0,Spring,No,Sunday,Online,Sunny,20,2.61,No,2.64,Negative
1bff3d96,Groceries,1840.4,169.0,222.0,Winter,Yes,Tuesday,In-Store,Snowy,3,3.34,No,0.57,Positive
b8a26818,Clothing,4298.1,427.0,,Summer,No,Wednesday,In-Store,Cloudy,29,1.1,Yes,1.13,Negative
113ff3d7,Clothing,973.48,7.0,274.0,Spring,Yes,Friday,Online,Snowy,18,4.09,Yes,4.07,Neutral
22ffc565,Groceries,35.98,291.0,1500.0,Summer,No,Tuesday,In-Store,Rainy,8,1.37,No,4.71,Negative
e7b03aac,Electronics,4544.41,459.0,175.0,Summer,Yes,Saturday,In-Store,Rainy,4,1.7,Yes,1.66,Neutral
6a6dbcc2,Furniture,799.34,65.0,176.0,Fall,No,Friday,In-Store,Sunny,24,2.06,Yes,2.85,Neutral
19a1ea97,Furniture,2492.69,436.0,1.0,Winter,Yes,Saturday,In-Store,Sunny,24,2.61,No,2.23,Neutral
c5cb322c,Groceries,4847.46,18.0,251.0,Fall,No,Monday,In-Store,Cloudy,9,1.3,Yes,4.1,Negative
c3d08c53,Furniture,223.09,285.0,70.0,Summer,Yes,Wednesday,Online,Sunny,16,1.76,No,0.99,Positive
397b0a8a,Groceries,2698.12,290.0,,Fall,No,Thursday,Online,Rainy,26,1.37,No,3.5,Neutral
422f82ec,Furniture,49719.3,60.0,95.0,Fall,Yes,Monday,Online,Rainy,17,2.78,Yes,3.9,Neutral
cef589b1,Clothing,4908.8,156.0,173.0,Spring,No,Saturday,Online,Rainy,2,1.35,No,1.63,Negative
fa681e4d,Clothing,2158.18,96.0,130.0,Fall,Yes,Thursday,In-Store,Snowy,15,3.97,Yes,1.1,Positive
e7d1bf5d,Electronics,678.75,489.0,2.0,Fall,No,Saturday,Other,Rainy,29,2.3,Yes,2.28,Positive
644e62dd,Electronics,49719.3,177.0,125.0,Spring,Yes,Thursday,Online,Snowy,20,1.27,Yes,1.12,Positive
3239d3a1,Groceries,3547.32,351.0,162.0,Spring,No,Thursday,Online,Snowy,21,2.8,Yes,1.37,Positive
739befc4,Electronics,3185.86,190.0,7.0,Winter,Yes,Monday,Online,Snowy,3,3.31,No,3.85,Neutral
d756b81a,Groceries,661.61,216.0,203.0,Fall,No,Monday,Online,Rainy,19,3.94,No,1.52,Neutral
9e3ea180,Groceries,3019.11,,277.0,Fall,No,Wednesday,Online,Snowy,9,3.39,No,4.57,Neutral
814b427f,Groceries,2148.33,187.0,227.0,Fall,No,Monday,In-Store,Sunny,4,3.67,No,3.95,Negative
cbabad91,Furniture,750.65,427.0,40.0,Fall,No,Tuesday,In-Store,Rainy,15,2.79,Yes,4.21,Negative
9f6c903d,Electronics,4737.83,134.0,87.0,Fall,No,Monday,Online,Sunny,26,2.89,No,4.62,Negative
eb8ac591,Furniture,3150.3,254.0,53.0,Summer,No,Monday,Other,Snowy,6,4.91,Yes,3.98,Positive
8e78d213,Furniture,1712.49,133.0,108.0,Summer,Yes,Wednesday,Online,Snowy,29,2.49,No,1.37,Positive
a1efb20e,Groceries,4948.62,,1500.0,Fall,No,Thursday,In-Store,Rainy,20,3.76,No,4.96,Neutral
9550356f,Clothing,3394.49,198.0,284.0,Spring,Yes,Tuesday,In-Store,Rainy,28,1.71,No,1.54,Neutral
57dc8a55,Electronics,945.91,445.0,81.0,Winter,No,Sunday,Online,Sunny,9,3.3,No,4.24,Positive
4847f323,Clothing,1779.21,180.0,,Fall,Yes,Thursday,Online,Sunny,23,3.6,Yes,4.3,Negative
74e7ab17,Clothing,1358.29,71.0,43.0,Fall,No,Tuesday,Other,Cloudy,18,2.44,No,3.61,Positive
7be83975,Groceries,49719.3,244.0,134.0,Fall,Yes,Thursday,Online,Cloudy,27,4.17,No,4.27,Positive
c53a0161,Clothing,767.53,,15.0,Spring,No,Sunday,In-Store,Cloudy,26,1.38,Yes,0.51,Neutral
48b37e99,Furniture,1045.8,420.0,70.0,Summer,No,Thursday,Online,Unknown,1,3.9,Yes,2.01,Positive
13e40f2f,Furniture,4658.02,267.0,283.0,Winter,Yes,Thursday,Online,Sunny,27,1.14,Yes,4.66,Negative
2b08813a,Furniture,524.2,114.0,34.0,Summer,No,Thursday,Online,Sunny,16,2.28,No,2.72,Positive
6eff9fb8,Clothing,2748.92,445.0,198.0,Winter,No,Thursday,Online,Sunny,14,4.33,No,1.8,Neutral
303778a6,Clothing,2361.96,447.0,9.0,Spring,No,Monday,In-Store,Cloudy,13,3.61,Yes,3.59,Negative
6faee1c6,Furniture,3717.25,418.0,211.0,Winter,No,Monday,In-Store,Sunny,29,1.02,Yes,4.19,Neutral
d9e95a1d,Groceries,1869.37,445.0,166.0,Fall,Yes,Monday,Other,Cloudy,25,3.28,Yes,3.76,Positive
fc73e5f8,Electronics,2336.75,167.0,240.0,Spring,Yes,Monday,In-Store,Sunny,20,2.61,No,3.06,Neutral
34920c83,Groceries,4835.9,130.0,,Summer,No,Wednesday,In-Store,Snowy,28,2.75,Yes,2.63,Positive
27eefc0b,Groceries,2236.81,378.0,187.0,Summer,No,Saturday,Online,Rainy,15,2.71,Yes,4.8,Neutral
a2504580,Clothing,994.74,,141.0,Winter,No,Wednesday,In-Store,Cloudy,11,2.73,No,3.18,Positive
17abf988,Furniture,3241.15,48.0,259.0,Summer,No,Tuesday,In-Store,Cloudy,11,3.28,Yes,4.64,Negative
521f312e,Groceries,296.22,,81.0,Fall,Yes,Tuesday,Online,Snowy,10,5.0,Yes,3.82,Neutral
71d9248b,Electronics,1401.83,,72.0,Spring,Yes,Sunday,Other,Snowy,5,2.2,No,0.86,Positive
44da3fc0,Groceries,695.43,141.0,277.0,Spring,Yes,Sunday,In-Store,Cloudy,2,3.07,No,2.67,Positive
1c23b72f,Clothing,2441.9,133.0,265.0,Winter,Yes,Monday,Online,Snowy,11,2.88,No,2.77,Positive
63de5442,Furniture,4159.33,329.0,211.0,Winter,Yes,Monday,Online,Sunny,25,1.25,No,3.51,Neutral
e1a99db6,Furniture,273.42,60.0,291.0,Fall,Yes,Sunday,Online,Cloudy,29,1.1,Yes,1.39,Positive
1f2818e2,Groceries,4194.07,498.0,201.0,Spring,No,Monday,Online,Sunny,28,3.03,Yes,4.33,Negative
8dc7bc70,Groceries,435.88,181.0,8.0,Summer,No,Sunday,In-Store,Cloudy,4,2.88,Yes,1.87,Neutral
234321b4,Electronics,4293.75,89.0,132.0,Fall,No,Monday,In-Store,Unknown,14,3.8,No,0.63,Positive
984f46ab,Groceries,3585.95,237.0,78.0,Fall,No,Monday,Online,Rainy,13,1.2,No,2.66,Positive
ea9286d4,Clothing,648.25,52.0,66.0,Winter,Yes,Friday,In-Store,Snowy,21,3.58,No,2.04,Positive
85fec03c,Clothing,2547.3,164.0,1500.0,Spring,Yes,Tuesday,Online,Cloudy,29,1.5,No,1.62,Negative
a90f5d73,Groceries,4190.76,10.0,,Fall,Yes,Thursday,Online,Unknown,7,2.71,Yes,1.47,Positive
b1c7aafd,Electronics,4725.77,373.0,285.0,Spring,Yes,Friday,In-Store,Sunny,22,4.58,Yes,2.89,Neutral
cc0ab310,Clothing,3932.06,368.0,227.0,Spring,No,Thursday,In-Store,Rainy,28,2.41,Yes,1.2,Positive
ad8166ec,Groceries,3622.96,468.0,263.0,Spring,No,Saturday,Other,Snowy,26,1.3,No,1.0,Positive
1b74d3b3,Clothing,2599.46,283.0,299.0,Winter,Yes,Tuesday,In-Store,Cloudy,13,1.14,No,1.08,Positive
762c6115,Groceries,4197.94,419.0,22.0,Fall,No,Sunday,In-Store,Snowy,10,1.94,Yes,2.83,Neutral
46e31506,Electronics,2989.74,155.0,23.0,Fall,No,Wednesday,In-Store,Cloudy,6,4.86,No,2.45,Positive
98907ee2,Clothing,2082.04,263.0,140.0,Spring,No,Wednesday,In-Store,Snowy,18,2.49,Yes,0.73,Neutral
50ccf283,Groceries,2678.76,129.0,140.0,Spring,Yes,Monday,In-Store,Unknown,30,4.5,No,4.49,Positive
513da5b7,Groceries,4605.04,242.0,1500.0,Winter,No,Saturday,In-Store,Sunny,24,3.02,No,1.3,Positive
572e29ac,Furniture,977.77,125.0,247.0,Spring,Yes,Tuesday,Online,Cloudy,28,4.33,Yes,1.74,Negative
7dbf6ce2,Clothing,1919.7,13.0,144.0,Fall,Yes,Thursday,Online,Cloudy,24,1.21,Yes,3.02,Positive
029b6420,Clothing,1644.14,470.0,151.0,Winter,No,Sunday,Online,Unknown,19,3.9,Yes,1.06,Positive
60ed9cb3,Electronics,49719.3,86.0,270.0,Fall,No,Monday,Other,Rainy,8,4.55,Yes,4.53,Positive
080f3fc5,Clothing,83.99,209.0,264.0,Summer,No,Tuesday,Other,Snowy,16,3.7,No,4.98,Positive
af81a563,Clothing,4803.22,10.0,25.0,Fall,No,Wednesday,Other,Snowy,18,1.15,No,3.2,Negative
82649685,Furniture,3372.03,,128.0,Spring,No,Friday,In-Store,Cloudy,12,3.71,Yes,1.6,Neutral
88c7956c,Groceries,2165.63,367.0,217.0,Spring,Yes,Friday,In-Store,Snowy,28,2.43,No,0.69,Positive
424efcda,Furniture,4257.16,378.0,113.0,Summer,No,Sunday,In-Store,Sunny,7,2.81,No,1.96,Neutral
eb4725fb,Groceries,2932.62,,72.0,Fall,Yes,Saturday,Online,Cloudy,7,4.34,Yes,1.85,Negative
3d719199,Electronics,2368.5,,196.0,Summer,No,Tuesday,Online,Rainy,21,3.72,Yes,2.22,Neutral
61167411,Groceries,3114.02,,156.0,Winter,No,Sunday,In-Store,Snowy,21,4.85,No,3.65,Negative
f9d9af5f,Electronics,2010.24,463.0,142.0,Fall,Yes,Tuesday,Online,Unknown,6,2.62,Yes,4.65,Negative
47ab96f2,Furniture,840.01,296.0,,Spring,No,Monday,Online,Rainy,30,4.95,No,4.61,Positive
ebc93f47,Furniture,383.44,44.0,64.0,Summer,No,Friday,Online,Snowy,7,3.25,No,2.5,Positive
c625c0de,Electronics,742.69,405.0,,Spring,Yes,Wednesday,Online,Rainy,11,3.45,Yes,4.26,Negative
b9bccd50,Electronics,2638.12,404.0,253.0,Fall,No,Sunday,Other,Cloudy,26,3.38,No,0.98,Positive
a4d0e9a9,Furniture,2294.78,279.0,64.0,Spring,No,Thursday,In-Store,Rainy,16,3.91,No,4.82,Negative
8c08ed70,Electronics,3895.96,436.0,107.0,Winter,No,Monday,Online,Rainy,11,2.44,Yes,3.68,Negative
4a3d8484,Furniture,3257.33,147.0,221.0,Fall,Yes,Tuesday,In-Store,Cloudy,28,1.74,Yes,1.02,Negative
07f97288,Groceries,4708.73,385.0,90.0,Summer,Yes,Wednesday,In-Store,Rainy,22,3.06,Yes,3.1,Negative
026038d8,Furniture,2111.72,80.0,93.0,Summer,Yes,Thursday,Online,Cloudy,27,2.84,No,3.07,Positive
5e501a1d,Furniture,49719.3,435.0,276.0,Winter,Yes,Tuesday,Other,Snowy,16,4.64,Yes,1.91,Positive
05b1efff,Groceries,298.29,457.0,155.0,Summer,No,Sunday,Other,Cloudy,18,1.22,Yes,0.7,Neutral
ae236614,Clothing,3365.48,114.0,182.0,Winter,Yes,Tuesday,In-Store,Cloudy,30,2.95,Yes,1.56,Neutral
5a08c3a0,Furniture,1828.11,116.0,220.0,Winter,Yes,Saturday,In-Store,Rainy,27,4.0,Yes,2.07,Neutral
8cf9b102,Electronics,1486.22,461.0,205.0,Spring,No,Wednesday,Online,Snowy,12,1.57,No,0.72,Neutral
9faf881b,Clothing,246.37,370.0,162.0,Summer,Yes,Saturday,Online,Snowy,15,1.35,Yes,4.42,Positive
7de40c14,Electronics,1838.82,62.0,197.0,Fall,Yes,Sunday,In-Store,Rainy,15,4.74,Yes,4.7,Neutral
db6e593e,Electronics,3456.1,,137.0,Spring,No,Tuesday,Other,Cloudy,20,1.64,No,1.4,Negative
8b429fac,Electronics,3974.15,,27.0,Summer,Yes,Saturday,Online,Cloudy,16,2.97,Yes,0.99,Neutral
d469b99a,Clothing,4593.53,434.0,,Spring,Yes,Tuesday,In-Store,Cloudy,23,2.52,Yes,3.2,Negative
88901dd6,Clothing,4867.74,100.0,33.0,Summer,Yes,Sunday,In-Store,Sunny,30,3.85,Yes,2.3,Neutral
313cbf9a,Furniture,2236.7,42.0,139.0,Spring,No,Saturday,Online,Snowy,21,4.24,No,1.24,Positive
4f766f89,Furniture,49719.3,289.0,198.0,Spring,No,Friday,Online,Sunny,21,2.98,Yes,1.81,Negative
dfb7f293,Electronics,519.84,16.0,,Spring,Yes,Monday,In-Store,Unknown,24,3.74,No,2.54,Negative
a5593986,Electronics,1323.28,376.0,218.0,Fall,No,Wednesday,In-Store,Snowy,6,1.45,Yes,0.68,Negative
2a9e80e4,Groceries,998.77,6.0,204.0,Fall,No,Saturday,Online,Snowy,2,3.68,No,4.91,Negative
a71f1da1,Clothing,912.41,447.0,168.0,Fall,Yes,Wednesday,Online,Sunny,19,1.14,Yes,4.62,Positive
5bdb9c67,Clothing,763.1,66.0,45.0,Spring,Yes,Monday,In-Store,Sunny,14,2.71,Yes,1.76,Neutral
f176499e,Groceries,2105.53,473.0,167.0,Winter,No,Wednesday,Online,Snowy,22,1.66,Yes,4.17,Negative
89df31b6,Furniture,1813.91,,73.0,Fall,Yes,Tuesday,Other,Snowy,22,3.22,Yes,4.87,Negative
00d6056e,Clothing,604.41,434.0,31.0,Spring,No,Tuesday,Online,Cloudy,14,2.65,No,1.89,Positive
f512729c,Clothing,2746.31,227.0,235.0,Spring,No,Sunday,Other,Unknown,11,2.11,Yes,3.15,Neutral
531c51aa,Electronics,1018.28,123.0,101.0,Spring,Yes,Tuesday,Online,Rainy,21,2.87,Yes,3.4,Positive
3e26d54d,Clothing,49719.3,148.0,142.0,Winter,No,Wednesday,In-Store,Snowy,22,1.13,No,2.06,Negative
21fc5d45,Electronics,2260.54,316.0,289.0,Spring,Yes,Sunday,In-Store,Unknown,20,3.95,Yes,4.03,Neutral
a777b9ef,Groceries,1504.26,142.0,277.0,Fall,Yes,Tuesday,Online,Sunny,7,4.6,Yes,4.93,Negative
b16733ca,Clothing,478.81,172.0,257.0,Winter,Yes,Thursday,Online,Cloudy,22,1.32,Yes,1.57,Positive
be873665,Furniture,4133.19,198.0,169.0,Summer,No,Sunday,In-Store,Rainy,8,2.98,No,4.98,Negative
6573a384,Electronics,3082.66,364.0,,Summer,Yes,Wednesday,In-Store,Rainy,25,3.72,No,3.76,Neutral
79abfd21,Furniture,4218.1,219.0,237.0,Fall,Yes,Friday,Online,Snowy,14,4.74,Yes,2.03,Negative
7cb7c066,Clothing,3442.85,,262.0,Fall,No,Sunday,Online,Snowy,24,4.95,Yes,2.9,Negative
1f9f2064,Clothing,4752.76,459.0,219.0,Spring,No,Friday,In-Store,Snowy,9,3.29,No,3.64,Positive
93cac011,Clothing,2105.72,149.0,,Spring,No,Sunday,In-Store,Sunny,20,2.79,No,0.99,Positive
24d2f2f4,Electronics,2683.17,71.0,51.0,Winter,Yes,Wednesday,Online,Snowy,26,3.8,Yes,4.78,Positive
8044f7ed,Electronics,4793.95,126.0,12.0,Summer,No,Thursday,In-Store,Rainy,22,2.34,No,0.74,Positive
3eaaa0ae,Electronics,1444.55,346.0,,Spring,Yes,Tuesday,In-Store,Snowy,23,1.97,No,1.63,Neutral
44e5a00c,Electronics,535.2,115.0,147.0,Winter,Yes,Sunday,In-Store,Unknown,4,1.23,No,4.35,Negative
8f4e1079,Clothing,3548.92,119.0,85.0,Summer,No,Tuesday,Online,Unknown,20,1.5,No,4.83,Negative
a5d002c9,Clothing,3912.65,,246.0,Winter,Yes,Tuesday,Online,Sunny,10,4.85,Yes,4.27,Positive
fd5f6901,Furniture,2833.98,277.0,73.0,Summer,No,Monday,In-Store,Snowy,1,2.82,No,3.53,Positive
2eaf7877,Electronics,1017.2,316.0,190.0,Fall,No,Monday,Online,Sunny,1,1.07,No,2.5,Neutral
d46cb28a,Electronics,2101.64,149.0,274.0,Fall,No,Monday,In-Store,Cloudy,16,3.54,Yes,3.01,Positive
8ee38156,Electronics,4945.5,146.0,195.0,Summer,No,Monday,In-Store,Snowy,1,4.69,Yes,2.36,Positive
d85fd848,Electronics,1013.79,308.0,130.0,Winter,Yes,Saturday,Other,Rainy,30,1.76,No,1.57,Neutral
38d3c293,Electronics,2360.65,296.0,3.0,Winter,Yes,Tuesday,In-Store,Unknown,8,4.78,Yes,3.9,Negative
67283a9f,Furniture,4305.95,340.0,13.0,Spring,No,Monday,In-Store,Snowy,21,4.07,Yes,3.07,Positive
938a85cb,Electronics,1398.91,224.0,28.0,Winter,No,Thursday,Online,Unknown,12,1.35,No,0.52,Neutral
24e2d43d,Furniture,33.55,32.0,44.0,Fall,Yes,Friday,In-Store,Rainy,18,2.32,No,4.85,Negative
11b84255,Clothing,220.75,,294.0,Spring,Yes,Wednesday,In-Store,Cloudy,12,4.59,No,2.62,Positive
176295ed,Clothing,2409.38,458.0,200.0,Summer,No,Sunday,In-Store,Rainy,24,2.78,Yes,2.01,Neutral
7e49c668,Electronics,4966.35,347.0,192.0,Spring,No,Tuesday,Online,Snowy,13,2.36,No,4.58,Positive
d99ebc64,Electronics,3124.21,250.0,167.0,Fall,Yes,Friday,In-Store,Cloudy,27,2.24,Yes,2.86,Neutral
7f1d69f3,Groceries,3610.07,,227.0,Fall,Yes,Tuesday,Online,Cloudy,22,2.49,Yes,1.39,Negative
5644bd5d,Furniture,49719.3,58.0,255.0,Spring,No,Tuesday,In-Store,Sunny,12,2.72,No,3.92,Neutral
0953397c,Electronics,1067.99,37.0,113.0,Spring,No,Saturday,In-Store,Snowy,15,3.92,Yes,2.53,Neutral
a4ec2175,Furniture,582.89,298.0,297.0,Fall,Yes,Thursday,Online,Unknown,13,1.57,Yes,3.46,Neutral
6c2427a0,Furniture,1529.68,229.0,118.0,Spring,No,Wednesday,Online,Rainy,9,3.23,Yes,2.45,Positive
59853081,Electronics,4367.07,288.0,170.0,Winter,No,Monday,In-Store,Snowy,13,4.64,No,2.38,Negative
9b49f0b4,Clothing,2896.89,,189.0,Spring,No,Friday,Online,Sunny,13,3.43,Yes,1.53,Positive
ae1d8e35,Groceries,3677.8,158.0,274.0,Winter,No,Tuesday,Online,Snowy,24,4.14,No,1.84,Positive
8a9ed670,Clothing,525.52,162.0,121.0,Spring,Yes,Thursday,Online,Rainy,3,2.19,No,4.46,Negative
2526c8d1,Electronics,3871.78,,13.0,Spring,No,Sunday,In-Store,Snowy,19,3.08,No,4.32,Negative
a2169bdc,Electronics,3995.24,,275.0,Summer,Yes,Thursday,Online,Cloudy,8,3.82,Yes,1.7,Neutral
a21a295c,Electronics,1580.63,470.0,23.0,Spring,No,Sunday,In-Store,Cloudy,23,4.52,No,4.11,Negative
a8f844f0,Clothing,2636.05,177.0,123.0,Summer,Yes,Thursday,Online,Sunny,16,1.3,No,3.08,Positive
56378ea5,Groceries,3213.75,280.0,62.0,Winter,Yes,Sunday,In-Store,Sunny,4,4.63,No,1.21,Negative
c542827b,Electronics,1614.66,61.0,100.0,Summer,Yes,Tuesday,In-Store,Snowy,20,1.62,No,1.62,Positive
14d8635e,Furniture,4189.0,165.0,,Fall,Yes,Saturday,Online,Sunny,5,3.14,No,0.86,Positive
674cf22c,Clothing,1317.41,370.0,45.0,Summer,No,Tuesday,In-Store,Cloudy,13,2.02,No,1.23,Negative
d8aa605b,Electronics,532.75,25.0,37.0,Winter,No,Thursday,Online,Cloudy,14,2.24,No,4.74,Positive
cb2b17d8,Furniture,76.68,49.0,84.0,Spring,No,Tuesday,Online,Rainy,26,2.53,No,0.81,Positive
79b818cb,Electronics,1097.6,400.0,,Spring,No,Saturday,In-Store,Cloudy,2,4.03,No,3.75,Neutral
ddc90ff6,Electronics,4782.13,362.0,180.0,Summer,No,Monday,Online,Sunny,28,1.77,No,3.34,Negative
1829878e,Furniture,49719.3,365.0,160.0,Summer,Yes,Friday,Online,Cloudy,26,1.06,Yes,1.79,Positive
5b616daa,Furniture,2260.74,159.0,300.0,Winter,No,Wednesday,Online,Rainy,17,1.51,No,0.57,Neutral
ebd4fd2e,Furniture,780.04,178.0,76.0,Spring,No,Sunday,Online,Unknown,4,4.16,No,0.94,Neutral
2cd309ed,Electronics,1424.81,460.0,,Winter,No,Monday,In-Store,Sunny,25,1.93,No,1.54,Negative
bc2165dc,Electronics,4554.88,393.0,44.0,Winter,Yes,Wednesday,Online,Cloudy,4,3.47,Yes,4.52,Positive
ded6bf4f,Electronics,49719.3,475.0,177.0,Summer,Yes,Monday,Other,Rainy,5,2.79,No,3.74,Positive
721f71d9,Clothing,592.63,91.0,27.0,Summer,Yes,Thursday,Online,Sunny,4,3.5,Yes,2.41,Positive
eeb79104,Furniture,49719.3,438.0,178.0,Fall,Yes,Friday,Other,Rainy,22,1.41,Yes,2.97,Negative
32bdda40,Furniture,4752.45,240.0,77.0,Winter,No,Wednesday,Other,Cloudy,29,1.63,No,2.23,Negative
39211b85,Furniture,2287.22,473.0,137.0,Spring,No,Thursday,Online,Rainy,16,2.94,No,3.65,Neutral
cad1952c,Groceries,2116.79,234.0,37.0,Winter,No,Friday,Online,Snowy,4,3.3,Yes,2.91,Negative
fd082e02,Clothing,3536.79,24.0,171.0,Spring,No,Thursday,Online,Cloudy,27,2.8,Yes,1.9,Neutral
a8518631,Groceries,1824.23,165.0,36.0,Summer,No,Thursday,In-Store,Sunny,9,2.57,Yes,0.58,Negative
2a00f93e,Groceries,805.06,428.0,100.0,Winter,No,Friday,Online,Rainy,8,3.16,No,2.82,Negative
35636eea,Furniture,255.21,187.0,184.0,Summer,No,Wednesday,Other,Cloudy,21,4.71,Yes,0.59,Positive
de5a7c9f,Electronics,2687.76,431.0,109.0,Summer,Yes,Saturday,In-Store,Sunny,24,3.89,Yes,3.99,Negative
462a50cc,Clothing,1644.03,492.0,224.0,Fall,Yes,Wednesday,In-Store,Cloudy,22,2.77,Yes,0.67,Negative
c68df05f,Electronics,1830.35,,105.0,Spring,No,Wednesday,In-Store,Rainy,25,1.51,Yes,2.71,Positive
8ca2d05d,Groceries,1048.81,428.0,1500.0,Summer,Yes,Wednesday,Online,Rainy,10,3.77,No,4.49,Negative
c9edfd2a,Electronics,1651.77,342.0,109.0,Winter,No,Thursday,Online,Rainy,10,1.32,No,1.66,Neutral
528c7c9f,Electronics,3670.68,,117.0,Fall,No,Friday,Online,Unknown,17,3.08,Yes,4.49,Neutral
7e18b260,Furniture,2278.65,215.0,,Summer,No,Monday,In-Store,Rainy,27,2.73,Yes,0.82,Neutral
920f1995,Groceries,2938.4,39.0,134.0,Winter,No,Friday,Online,Sunny,9,4.89,No,4.42,Positive
396b7ab7,Clothing,3453.39,412.0,137.0,Summer,Yes,Tuesday,Online,Cloudy,16,1.77,No,4.5,Negative
a407dabc,Furniture,3709.78,183.0,53.0,Winter,No,Sunday,In-Store,Rainy,15,3.74,No,1.16,Positive
fde19f26,Furniture,1479.27,349.0,51.0,Fall,Yes,Friday,Other,Snowy,20,1.9,Yes,3.17,Positive
67216ee6,Groceries,2536.64,197.0,214.0,Fall,Yes,Friday,Online,Sunny,24,1.56,Yes,1.12,Neutral
af0e5c5f,Furniture,3118.51,,36.0,Fall,No,Saturday,Online,Unknown,4,4.49,Yes,4.77,Negative
bf5ed569,Clothing,2252.16,,,Summer,Yes,Thursday,Online,Snowy,11,1.73,Yes,1.9,Neutral
33ca8cbd,Groceries,2653.64,62.0,173.0,Spring,Yes,Thursday,Online,Cloudy,8,4.82,No,0.51,Positive
e9849ba4,Electronics,2986.44,78.0,238.0,Summer,Yes,Monday,Online,Cloudy,30,4.37,No,2.16,Negative
5ddbaa8a,Clothing,745.1,262.0,1500.0,Winter,No,Monday,Online,Snowy,3,4.04,No,4.51,Negative
897930ba,Furniture,779.09,496.0,134.0,Fall,Yes,Saturday,In-Store,Sunny,15,1.68,No,3.03,Neutral
79113605,Clothing,807.5,46.0,287.0,Spring,Yes,Thursday,In-Store,Rainy,16,3.31,No,1.33,Neutral
75a5002c,Furniture,1983.74,355.0,223.0,Spring,Yes,Thursday,Other,Sunny,11,3.62,No,2.77,Negative
924035f7,Furniture,4919.35,124.0,282.0,Summer,No,Sunday,In-Store,Sunny,5,3.41,No,1.64,Positive
2667e512,Furniture,790.72,26.0,47.0,Spring,Yes,Tuesday,In-Store,Cloudy,29,4.6,No,4.92,Negative
e2eee69a,Furniture,179.91,73.0,184.0,Fall,Yes,Thursday,Online,Sunny,3,2.98,Yes,2.4,Neutral
c5377f17,Clothing,2032.19,462.0,287.0,Fall,No,Saturday,Online,Unknown,12,4.45,Yes,3.9,Positive
c980eeb8,Groceries,4872.66,443.0,8.0,Fall,No,Sunday,In-Store,Sunny,26,4.32,Yes,1.8,Negative
24cff0c5,Electronics,17.42,370.0,221.0,Summer,No,Friday,In-Store,Snowy,15,2.96,Yes,1.96,Neutral
f84b1228,Clothing,1183.4,113.0,222.0,Fall,No,Tuesday,In-Store,Rainy,13,2.97,No,0.78,Negative
d043c0a7,Electronics,1530.47,106.0,123.0,Fall,No,Tuesday,In-Store,Sunny,17,3.32,No,2.14,Neutral
fc952bfc,Clothing,4907.43,,220.0,Winter,No,Friday,Online,Snowy,5,4.71,No,3.43,Negative
12aa7da8,Groceries,2213.98,433.0,259.0,Fall,Yes,Monday,Online,Rainy,18,1.86,No,3.94,Positive
8b2c3450,Furniture,4884.8,415.0,70.0,Fall,No,Monday,In-Store,Snowy,27,3.29,No,1.76,Negative
0c2bdb68,Groceries,3066.96,175.0,128.0,Spring,No,Saturday,Other,Sunny,2,3.22,No,3.47,Neutral
631aa36d,Electronics,2418.49,215.0,174.0,Summer,Yes,Tuesday,Online,Sunny,14,2.98,No,0.99,Positive
5755e91d,Electronics,4532.54,,85.0,Fall,No,Sunday,In-Store,Unknown,7,1.49,Yes,1.96,Negative
c8fb9cbb,Furniture,3959.72,46.0,73.0,Summer,No,Tuesday,In-Store,Rainy,29,1.08,No,4.64,Negative
770ef8fd,Electronics,3824.53,393.0,40.0,Spring,Yes,Thursday,Online,Cloudy,12,3.58,No,0.84,Neutral
5dc09970,Groceries,4262.91,117.0,266.0,Summer,No,Monday,In-Store,Cloudy,26,1.91,Yes,1.93,Positive
b1ac8043,Electronics,4521.89,370.0,230.0,Summer,No,Wednesday,Online,Sunny,21,4.58,No,0.91,Negative
2dbd14b4,Clothing,452.47,148.0,111.0,Fall,Yes,Friday,Online,Rainy,29,4.53,No,3.78,Positive
fef1180f,Electronics,4235.53,242.0,98.0,Spring,Yes,Saturday,Online,Unknown,19,3.8,Yes,2.34,Negative
b0ecd79e,Electronics,2679.57,229.0,257.0,Summer,No,Thursday,Online,Cloudy,18,1.71,No,1.09,Positive
a098a84a,Furniture,3385.35,233.0,297.0,Summer,Yes,Friday,Other,Sunny,20,1.11,Yes,3.23,Negative
529a15c6,Clothing,3992.7,281.0,264.0,Spring,Yes,Friday,Online,Rainy,14,2.51,No,2.19,Neutral
e0bc6376,Furniture,2902.58,324.0,292.0,Summer,Yes,Wednesday,In-Store,Rainy,28,1.33,No,3.18,Neutral
63fac710,Furniture,2892.78,166.0,90.0,Summer,No,Saturday,In-Store,Cloudy,4,2.5,No,4.57,Negative
73301ee1,Clothing,272.99,293.0,227.0,Summer,Yes,Thursday,In-Store,Snowy,16,2.15,Yes,1.52,Negative
30f5f1b0,Groceries,4841.15,164.0,,Summer,No,Saturday,In-Store,Cloudy,23,1.8,Yes,0.58,Negative
c5c57710,Furniture,772.24,376.0,268.0,Winter,No,Monday,Online,Sunny,19,2.4,No,2.78,Positive
68977af1,Groceries,4480.66,409.0,223.0,Spring,No,Friday,In-Store,Snowy,25,2.01,No,4.94,Neutral
4c7ef148,Clothing,301.0,482.0,269.0,Spring,No,Thursday,Online,Snowy,8,4.26,No,1.8,Negative
9c8bf157,Groceries,4730.25,327.0,279.0,Summer,Yes,Monday,Online,Snowy,11,1.52,No,4.32,Negative
88ace1f9,Groceries,3736.21,116.0,227.0,Winter,Yes,Friday,In-Store,Sunny,3,4.35,No,3.7,Negative
5e39beb8,Furniture,3497.11,289.0,152.0,Fall,Yes,Thursday,In-Store,Cloudy,16,4.99,No,1.89,Neutral
255ef32f,Clothing,3927.73,,133.0,Spring,Yes,Thursday,Online,Sunny,11,3.48,No,4.14,Neutral
595b6f22,Electronics,4101.58,68.0,290.0,Spring,No,Wednesday,Other,Rainy,27,3.31,Yes,2.07,Positive
2f998d2e,Groceries,49719.3,,96.0,Winter,Yes,Wednesday,Online,Rainy,15,2.59,Yes,2.65,Negative
41647be8,Clothing,2553.62,464.0,,Summer,No,Monday,In-Store,Sunny,6,2.62,No,3.87,Negative
04f4ed08,Groceries,443.44,454.0,179.0,Winter,No,Friday,Online,Rainy,26,2.13,Yes,3.32,Positive
28336bd3,Clothing,3784.04,309.0,15.0,Spring,No,Thursday,Online,Sunny,29,3.75,No,1.23,Positive
387b1eea,Electronics,3786.16,35.0,217.0,Winter,No,Saturday,In-Store,Rainy,9,4.73,Yes,3.81,Neutral
663ac594,Electronics,2555.97,63.0,276.0,Winter,No,Sunday,Online,Cloudy,7,4.33,Yes,1.99,Neutral
67a29fe3,Groceries,4136.79,286.0,150.0,Fall,Yes,Sunday,In-Store,Snowy,11,2.5,No,3.8,Neutral
e166be3f,Clothing,3546.67,335.0,69.0,Winter,Yes,Thursday,Other,Snowy,13,2.82,No,3.76,Negative
a8141217,Groceries,3091.01,171.0,286.0,Summer,Yes,Tuesday,In-Store,Sunny,30,4.08,No,3.37,Positive
8d9801d0,Groceries,4335.11,287.0,48.0,Fall,Yes,Monday,In-Store,Cloudy,30,2.83,No,4.87,Neutral
2d6f3032,Electronics,1111.45,172.0,112.0,Summer,No,Wednesday,In-Store,Snowy,2,1.26,No,2.48,Negative
10608203,Furniture,2860.67,,128.0,Summer,No,Saturday,Online,Cloudy,22,1.09,No,2.23,Positive
c4609092,Groceries,4209.16,74.0,241.0,Summer,Yes,Wednesday,Online,Unknown,25,3.83,Yes,3.88,Positive
eb2ca28d,Groceries,4602.0,348.0,101.0,Spring,Yes,Saturday,Other,Snowy,30,4.97,Yes,2.89,Neutral
e2e45853,Furniture,1068.78,75.0,130.0,Fall,Yes,Monday,In-Store,Unknown,7,4.04,No,4.8,Positive
bdbf9102,Electronics,2893.04,491.0,204.0,Summer,No,Wednesday,Online,Snowy,11,2.2,No,2.56,Neutral
50996df8,Furniture,1370.18,208.0,63.0,Spring,No,Monday,Online,Rainy,22,4.57,No,1.57,Negative
c56dcaf7,Electronics,1539.21,434.0,248.0,Summer,Yes,Thursday,Other,Cloudy,8,4.21,Yes,1.67,Neutral
88ffb049,Groceries,2793.29,342.0,5.0,Winter,No,Sunday,Online,Snowy,16,2.35,Yes,2.53,Positive
49a30cde,Electronics,2778.64,43.0,18.0,Spring,No,Monday,Other,Sunny,3,4.58,No,1.33,Positive
9cf3127a,Groceries,96.56,156.0,160.0,Summer,No,Sunday,In-Store,Cloudy,25,2.79,Yes,3.77,Neutral
e1444516,Furniture,49719.3,11.0,112.0,Summer,Yes,Wednesday,In-Store,Snowy,6,2.89,Yes,3.21,Negative
20094645,Furniture,2945.05,168.0,22.0,Summer,Yes,Sunday,In-Store,Sunny,22,3.02,No,3.36,Neutral
2c6a43f6,Clothing,1186.72,446.0,,Fall,No,Tuesday,In-Store,Unknown,24,4.56,No,1.31,Positive
6f70d14e,Groceries,4719.11,463.0,148.0,Fall,No,Saturday,Online,Sunny,11,4.42,Yes,1.89,Neutral
d0db86f8,Groceries,859.04,460.0,1500.0,Summer,Yes,Tuesday,In-Store,Rainy,18,3.21,Yes,3.27,Negative
730d65b4,Clothing,1666.41,103.0,52.0,Winter,No,Wednesday,In-Store,Cloudy,28,2.66,Yes,1.48,Neutral
f291d1cf,Clothing,4000.58,277.0,291.0,Fall,Yes,Sunday,Online,Cloudy,11,4.24,No,2.27,Negative
b798d846,Electronics,2671.4,270.0,149.0,Winter,No,Monday,Online,Snowy,7,1.13,Yes,2.13,Negative
997fcaa5,Groceries,3664.97,,1500.0,Summer,No,Saturday,In-Store,Rainy,18,1.44,Yes,1.64,Neutral
7f420dfc,Electronics,3255.19,24.0,149.0,Fall,Yes,Thursday,Other,Rainy,29,4.24,Yes,2.43,Neutral
840decdb,Electronics,2405.25,90.0,275.0,Winter,Yes,Monday,Online,Sunny,1,4.78,No,1.8,Neutral
f49facb9,Groceries,254.34,325.0,,Spring,No,Monday,In-Store,Unknown,21,1.98,Yes,4.11,Neutral
1ea350c7,Furniture,1849.65,42.0,136.0,Winter,Yes,Monday,Online,Sunny,25,3.17,Yes,4.78,Positive
1439b75e,Electronics,2732.19,300.0,226.0,Fall,Yes,Saturday,In-Store,Sunny,11,4.75,Yes,1.43,Neutral
b1149c44,Groceries,1072.88,356.0,127.0,Fall,Yes,Tuesday,In-Store,Sunny,9,1.8,Yes,0.86,Negative
b58c2895,Furniture,1348.84,212.0,242.0,Spring,Yes,Monday,In-Store,Cloudy,27,1.93,Yes,1.24,Negative
980bd55d,Furniture,4773.16,227.0,1500.0,Winter,Yes,Wednesday,In-Store,Cloudy,24,4.38,No,3.79,Neutral
08dab62c,Groceries,3748.54,334.0,1500.0,Fall,No,Sunday,Other,Cloudy,2,3.33,No,4.65,Negative
f01a3352,Groceries,3266.91,400.0,273.0,Summer,Yes,Friday,Online,Sunny,13,4.94,No,2.22,Negative
53acce7b,Electronics,1612.6,463.0,276.0,Spring,Yes,Sunday,Online,Rainy,20,3.31,Yes,4.35,Neutral
0d147c14,Electronics,3415.84,119.0,1500.0,Summer,Yes,Wednesday,In-Store,Snowy,12,3.52,No,2.25,Neutral
704f7e36,Groceries,1203.08,245.0,100.0,Spring,Yes,Sunday,Online,Rainy,3,4.92,No,3.92,Neutral
5997156c,Furniture,2561.43,415.0,,Summer,Yes,Friday,In-Store,Rainy,10,1.57,No,1.25,Neutral
f7aa8243,Electronics,4496.29,,166.0,Winter,Yes,Tuesday,Online,Rainy,9,4.39,Yes,1.59,Neutral
ccbf6adc,Groceries,4222.6,480.0,182.0,Spring,No,Saturday,In-Store,Sunny,8,3.75,No,2.34,Neutral
6e953751,Clothing,4782.39,307.0,15.0,Spring,Yes,Monday,Online,Snowy,11,2.53,Yes,1.84,Neutral
f951a6f4,Electronics,1865.94,279.0,61.0,Winter,Yes,Monday,In-Store,Unknown,8,1.96,No,4.68,Positive
d97b2548,Electronics,2186.42,489.0,87.0,Winter,Yes,Saturday,Online,Snowy,12,4.77,No,0.69,Negative
c6741682,Furniture,1867.46,383.0,292.0,Summer,No,Monday,In-Store,Cloudy,19,1.97,No,2.78,Positive
5bfdae6f,Furniture,2595.9,404.0,71.0,Summer,No,Monday,Other,Rainy,4,1.23,Yes,4.11,Neutral
8ff91549,Furniture,4084.9,374.0,289.0,Spring,Yes,Wednesday,In-Store,Snowy,21,1.24,No,1.79,Neutral
257b9973,Groceries,953.7,157.0,25.0,Winter,No,Monday,Other,Snowy,30,3.13,No,2.69,Positive
074894d8,Furniture,3320.47,96.0,153.0,Winter,No,Sunday,Online,Sunny,4,1.62,Yes,1.0,Neutral
40e9230c,Electronics,1625.73,150.0,1500.0,Spring,No,Saturday,Online,Snowy,23,1.01,Yes,0.91,Neutral
450c4833,Electronics,2763.83,258.0,262.0,Winter,Yes,Sunday,Online,Snowy,22,3.79,No,3.56,Negative
8a0c757c,Electronics,76.88,260.0,28.0,Winter,No,Tuesday,In-Store,Snowy,19,4.84,No,0.89,Positive
0e9943e3,Furniture,2262.5,,76.0,Summer,No,Sunday,Online,Cloudy,15,1.14,Yes,2.06,Positive
0fc82e50,Clothing,4519.1,121.0,,Winter,No,Sunday,Online,Cloudy,5,1.13,Yes,3.34,Neutral
0bcccec4,Groceries,4347.0,341.0,196.0,Fall,No,Saturday,Online,Unknown,22,1.65,No,3.44,Positive
893692de,Electronics,3043.03,80.0,226.0,Summer,No,Monday,In-Store,Unknown,8,3.63,No,4.32,Negative
ee64899f,Furniture,3386.56,461.0,229.0,Fall,No,Wednesday,Online,Snowy,17,2.8,No,2.27,Neutral
701b13d9,Electronics,4248.18,396.0,130.0,Fall,No,Monday,In-Store,Snowy,16,3.49,Yes,1.1,Positive
10928d60,Furniture,4509.07,414.0,1500.0,Winter,No,Sunday,Online,Snowy,25,1.4,Yes,0.97,Positive
74de1575,Clothing,3910.42,458.0,149.0,Winter,No,Monday,Online,Snowy,17,1.46,No,2.13,Positive
b91d7eb8,Clothing,2559.92,89.0,1500.0,Winter,No,Friday,In-Store,Rainy,30,3.36,No,4.0,Positive
ebc57f77,Clothing,2293.08,300.0,69.0,Fall,Yes,Monday,In-Store,Sunny,15,2.2,Yes,3.65,Positive
c546dd91,Clothing,2214.63,413.0,141.0,Summer,No,Friday,Online,Cloudy,23,4.02,Yes,3.09,Negative
7cc0c066,Electronics,2846.46,174.0,128.0,Summer,No,Wednesday,Online,Snowy,22,3.94,Yes,3.56,Neutral
fa940ba1,Electronics,4723.19,302.0,165.0,Fall,No,Saturday,In-Store,Sunny,16,2.56,Yes,1.82,Positive
53c7b719,Clothing,3761.92,244.0,251.0,Fall,Yes,Sunday,In-Store,Rainy,8,3.46,No,1.37,Positive
bf29a75e,Furniture,399.74,77.0,90.0,Winter,No,Monday,In-Store,Cloudy,28,4.14,No,4.17,Neutral
cdb19e40,Furniture,1674.04,108.0,1.0,Winter,Yes,Sunday,Online,Cloudy,3,2.1,Yes,2.06,Neutral
d6148242,Clothing,2103.7,,,Fall,Yes,Friday,In-Store,Sunny,21,4.0,Yes,0.97,Positive
65582956,Furniture,1902.19,417.0,129.0,Summer,No,Monday,Online,Cloudy,4,2.93,Yes,3.62,Negative
8f830fb9,Clothing,4859.88,494.0,,Fall,No,Sunday,Online,Unknown,3,3.46,Yes,0.91,Neutral
a495d7a9,Furniture,4515.03,,35.0,Winter,No,Monday,Online,Sunny,15,3.26,Yes,3.07,Negative
4c300084,Groceries,18.58,407.0,65.0,Summer,Yes,Wednesday,In-Store,Unknown,29,2.19,No,4.25,Neutral
56249a8e,Furniture,1675.1,472.0,199.0,Winter,Yes,Friday,In-Store,Rainy,20,3.19,Yes,0.87,Negative
c7eb622f,Clothing,2810.46,402.0,13.0,Fall,Yes,Monday,Online,Rainy,17,1.07,Yes,1.95,Neutral
ab121924,Groceries,461.88,240.0,213.0,Winter,No,Saturday,Online,Unknown,2,1.69,No,1.3,Neutral
7613fe67,Electronics,3538.81,192.0,128.0,Winter,Yes,Friday,In-Store,Sunny,6,3.09,No,1.21,Negative
1a84cf3c,Clothing,2074.97,496.0,1.0,Fall,No,Saturday,Online,Sunny,26,4.22,No,0.75,Neutral
339d3269,Furniture,2606.07,20.0,205.0,Summer,No,Sunday,In-Store,Snowy,12,4.54,Yes,3.11,Negative
b87e7019,Electronics,2822.16,304.0,231.0,Fall,Yes,Thursday,Online,Sunny,3,1.04,Yes,3.25,Neutral
1bfadd8b,Furniture,4742.32,127.0,69.0,Fall,Yes,Thursday,Other,Snowy,26,3.15,Yes,0.71,Neutral
72e51463,Furniture,49719.3,102.0,20.0,Fall,Yes,Friday,In-Store,Snowy,1,2.44,Yes,3.3,Neutral
af159e96,Groceries,79.72,,9.0,Spring,Yes,Wednesday,Online,Sunny,3,2.0,No,2.55,Negative
d7b7681b,Groceries,4027.67,56.0,96.0,Winter,No,Thursday,Online,Rainy,12,4.6,Yes,1.71,Neutral
fa4e2e61,Electronics,2031.05,342.0,77.0,Fall,Yes,Thursday,In-Store,Rainy,24,3.99,Yes,0.92,Neutral
94bb0a26,Electronics,1211.71,247.0,96.0,Fall,No,Wednesday,Other,Snowy,28,1.58,No,3.74,Neutral
bd9dd2d8,Clothing,4665.55,356.0,,Summer,No,Sunday,In-Store,Snowy,6,1.91,No,2.79,Negative
2e7731fc,Clothing,2715.11,387.0,17.0,Winter,Yes,Friday,Other,Cloudy,4,3.9,Yes,3.39,Negative
1b28e2d8,Furniture,3864.68,395.0,,Winter,Yes,Wednesday,Online,Cloudy,26,1.07,No,1.67,Positive
33ae3520,Groceries,4075.87,396.0,243.0,Spring,Yes,Wednesday,Online,Cloudy,27,4.26,Yes,2.24,Negative
67bcfa56,Clothing,2889.15,316.0,279.0,Summer,No,Monday,Online,Cloudy,11,3.47,No,3.39,Neutral
bc2e1e35,Groceries,619.0,310.0,211.0,Winter,No,Thursday,In-Store,Unknown,5,3.07,Yes,3.75,Positive
fc82556f,Furniture,2345.94,193.0,1500.0,Winter,No,Friday,Other,Cloudy,22,3.8,Yes,2.87,Neutral
ed425b56,Groceries,4750.21,386.0,262.0,Fall,No,Thursday,In-Store,Rainy,28,2.62,Yes,1.01,Neutral
4c782fcf,Electronics,4173.06,,155.0,Summer,Yes,Thursday,Online,Rainy,29,4.27,Yes,3.04,Neutral
18628dbb,Electronics,313.57,146.0,,Fall,Yes,Wednesday,In-Store,Rainy,24,4.57,No,2.49,Neutral
a03ad13e,Groceries,3216.66,256.0,11.0,Winter,Yes,Saturday,Other,Snowy,5,2.13,No,1.7,Neutral
7b85915e,Clothing,806.17,256.0,167.0,Spring,Yes,Monday,In-Store,Unknown,23,4.58,Yes,1.34,Neutral
94f1dd32,Furniture,511.92,142.0,81.0,Summer,No,Saturday,In-Store,Unknown,8,3.48,Yes,3.23,Neutral
43000adb,Furniture,49719.3,227.0,218.0,Fall,No,Tuesday,In-Store,Unknown,25,2.0,Yes,4.54,Negative
341f517e,Electronics,4433.44,353.0,255.0,Summer,Yes,Sunday,Online,Cloudy,17,3.4,No,4.36,Negative
270d931a,Groceries,2599.57,419.0,190.0,Winter,No,Sunday,In-Store,Snowy,17,4.44,Yes,4.55,Neutral
e8665a2e,Electronics,2796.26,309.0,,Summer,No,Saturday,Online,Unknown,13,3.12,Yes,4.74,Negative
fa91a922,Groceries,1171.94,,63.0,Summer,No,Friday,Other,Unknown,30,1.55,No,3.76,Negative
92228227,Clothing,2926.77,317.0,122.0,Fall,Yes,Thursday,Online,Rainy,28,2.19,Yes,4.2,Negative
b018e837,Groceries,870.74,279.0,175.0,Spring,No,Sunday,Other,Sunny,22,3.88,No,3.95,Negative
98559006,Electronics,2451.71,201.0,274.0,Summer,No,Monday,In-Store,Snowy,2,4.54,Yes,4.74,Negative
66633b6c,Groceries,4379.62,185.0,96.0,Summer,No,Tuesday,In-Store,Rainy,22,4.03,No,0.77,Neutral
3672ce0b,Clothing,1132.61,337.0,57.0,Fall,No,Wednesday,In-Store,Unknown,15,2.26,No,4.25,Positive
694471a9,Furniture,643.16,382.0,72.0,Fall,Yes,Tuesday,Online,Cloudy,18,1.54,No,4.94,Positive
7e6442fb,Groceries,1669.46,27.0,219.0,Summer,Yes,Saturday,In-Store,Sunny,6,3.09,Yes,2.07,Positive
8a99b7ef,Clothing,4622.29,103.0,281.0,Winter,Yes,Tuesday,Online,Rainy,4,3.92,No,2.0,Positive
c4d1b496,Furniture,4473.52,340.0,106.0,Fall,Yes,Thursday,In-Store,Unknown,13,2.22,Yes,2.95,Neutral
36f7f8af,Electronics,1736.19,41.0,,Spring,Yes,Sunday,Online,Sunny,30,4.78,Yes,3.84,Neutral
fc4bf450,Clothing,3623.6,415.0,146.0,Fall,Yes,Thursday,Other,Snowy,7,4.55,Yes,4.9,Neutral
6df560f9,Furniture,2913.38,377.0,,Fall,No,Saturday,In-Store,Rainy,20,3.49,Yes,3.58,Neutral
72900952,Furniture,4810.27,292.0,216.0,Fall,No,Sunday,In-Store,Cloudy,11,4.69,No,1.01,Negative
799e3aea,Furniture,792.56,123.0,249.0,Spring,No,Tuesday,Online,Snowy,11,3.77,Yes,4.78,Positive
6dc79f05,Electronics,4249.44,107.0,228.0,Spring,Yes,Thursday,Online,Cloudy,8,1.53,No,0.6,Neutral
be6038d0,Clothing,784.17,496.0,251.0,Summer,Yes,Tuesday,In-Store,Unknown,27,4.79,Yes,3.15,Negative
d66f6436,Furniture,3110.84,380.0,282.0,Summer,Yes,Tuesday,In-Store,Unknown,13,3.25,Yes,3.85,Neutral
bff044d0,Furniture,1500.14,185.0,70.0,Summer,No,Saturday,In-Store,Snowy,6,3.81,Yes,0.97,Neutral
dc2029d5,Clothing,4703.5,31.0,55.0,Fall,No,Wednesday,Other,Rainy,24,1.38,Yes,4.33,Negative
fccd01c8,Electronics,532.45,34.0,122.0,Spring,Yes,Monday,In-Store,Snowy,11,1.5,Yes,3.65,Negative
0aa05b02,Furniture,3291.54,282.0,,Summer,No,Friday,Online,Sunny,3,1.06,No,0.7,Positive
d5683b12,Electronics,49719.3,3.0,168.0,Fall,No,Thursday,In-Store,Cloudy,14,3.72,Yes,3.62,Neutral
ecb04646,Clothing,2177.45,80.0,23.0,Summer,Yes,Friday,Online,Snowy,21,2.0,Yes,4.92,Positive
fc7ee227,Furniture,2210.98,150.0,300.0,Winter,No,Tuesday,In-Store,Cloudy,4,4.71,No,4.72,Positive
b5e415cb,Furniture,4358.35,374.0,,Summer,Yes,Sunday,In-Store,Cloudy,28,4.63,No,2.15,Positive
40b5e011,Clothing,49719.3,,179.0,Summer,Yes,Friday,Online,Snowy,23,3.45,No,3.63,Negative
4e88fb5c,Groceries,1746.62,80.0,,Winter,Yes,Sunday,In-Store,Rainy,6,4.71,No,1.52,Positive
657208d5,Groceries,3246.42,478.0,1500.0,Winter,Yes,Thursday,Online,Snowy,2,2.63,Yes,4.31,Positive
34f0c2f9,Clothing,2181.87,,43.0,Fall,Yes,Wednesday,Online,Sunny,20,1.4,No,3.75,Negative
089db524,Clothing,49719.3,41.0,94.0,Spring,Yes,Monday,Other,Rainy,13,2.95,Yes,3.75,Negative
be65f99d,Electronics,2675.24,132.0,273.0,Summer,Yes,Thursday,Online,Cloudy,30,3.83,Yes,0.93,Negative
575eba8f,Electronics,3023.58,46.0,82.0,Winter,Yes,Thursday,Online,Cloudy,17,4.89,Yes,2.53,Neutral
7d55204b,Furniture,49719.3,247.0,49.0,Fall,No,Wednesday,Other,Snowy,3,4.32,No,3.32,Negative
abdbba92,Furniture,1439.86,192.0,218.0,Winter,No,Wednesday,Online,Sunny,15,2.13,Yes,1.36,Positive
dde4153b,Groceries,1446.95,297.0,13.0,Summer,No,Friday,In-Store,Snowy,4,3.79,Yes,4.39,Neutral
17b4d2e6,Groceries,4641.41,188.0,273.0,Fall,No,Monday,Online,Snowy,29,1.02,Yes,4.62,Neutral
9e8c1b4a,Electronics,2639.63,301.0,259.0,Fall,No,Thursday,In-Store,Snowy,19,3.96,Yes,3.65,Negative
2658cd87,Furniture,1104.41,1.0,161.0,Winter,No,Friday,Other,Unknown,2,4.49,No,2.67,Positive
8589e85a,Electronics,551.86,,232.0,Spring,Yes,Wednesday,In-Store,Sunny,7,2.4,Yes,2.19,Neutral
2554f76f,Groceries,4046.01,246.0,259.0,Summer,Yes,Tuesday,Other,Snowy,6,3.96,Yes,4.01,Positive
889314b9,Furniture,874.32,263.0,182.0,Summer,Yes,Saturday,In-Store,Sunny,22,1.71,Yes,1.16,Positive
3e816fe3,Electronics,724.68,89.0,14.0,Spring,No,Friday,Online,Snowy,22,1.72,Yes,3.74,Negative
9dae0702,Clothing,49719.3,42.0,1500.0,Summer,Yes,Sunday,Online,Rainy,5,3.16,Yes,2.17,Positive
78f7c147,Electronics,2241.06,486.0,218.0,Winter,No,Wednesday,In-Store,Rainy,15,1.41,No,2.89,Negative
f2de30e7,Clothing,2135.25,332.0,118.0,Fall,No,Saturday,Online,Snowy,27,4.0,Yes,2.33,Neutral
202ee975,Groceries,970.43,37.0,105.0,Summer,Yes,Sunday,Online,Cloudy,5,2.35,Yes,0.6,Neutral
1a6408d7,Furniture,3425.83,282.0,192.0,Spring,Yes,Saturday,In-Store,Rainy,24,2.63,No,2.28,Negative
a07ff145,Furniture,797.74,345.0,1500.0,Fall,Yes,Wednesday,In-Store,Cloudy,2,4.9,No,3.75,Negative
e84711ad,Clothing,1686.6,,1500.0,Winter,Yes,Saturday,Online,Unknown,23,3.93,No,2.36,Neutral
4d42f06b,Electronics,4445.69,211.0,97.0,Winter,Yes,Wednesday,In-Store,Cloudy,5,3.61,No,2.94,Positive
e360959f,Clothing,4559.03,467.0,134.0,Fall,No,Wednesday,In-Store,Snowy,27,2.74,Yes,2.6,Neutral
08dcf0c8,Groceries,1249.01,447.0,26.0,Summer,Yes,Friday,In-Store,Sunny,14,4.03,No,4.19,Negative
6dcddd11,Groceries,1612.26,225.0,21.0,Fall,No,Monday,Online,Unknown,14,1.49,Yes,0.87,Negative
8240ec00,Groceries,2666.21,350.0,164.0,Summer,Yes,Monday,In-Store,Rainy,2,4.65,Yes,1.98,Neutral
fb8419e9,Clothing,2240.01,,246.0,Winter,Yes,Sunday,Other,Cloudy,16,4.01,Yes,2.39,Negative
cc9e26c3,Furniture,3379.62,434.0,221.0,Winter,No,Friday,Online,Sunny,22,1.93,No,3.04,Positive
98818990,Clothing,3552.62,121.0,74.0,Summer,Yes,Friday,Online,Sunny,10,1.72,No,1.26,Positive
66e716d3,Furniture,4354.7,,100.0,Fall,Yes,Monday,Online,Rainy,3,2.18,No,3.25,Negative
4dd8de9a,Groceries,2333.37,169.0,185.0,Winter,Yes,Monday,In-Store,Rainy,15,3.9,Yes,3.9,Negative
1eb0f79c,Furniture,3482.7,415.0,60.0,Spring,Yes,Monday,Other,Unknown,2,2.33,Yes,4.86,Neutral
9ba25fb5,Furniture,4621.01,8.0,230.0,Spring,No,Thursday,Online,Rainy,5,2.51,Yes,3.97,Neutral
dcb0ec06,Clothing,4374.18,,66.0,Spring,No,Friday,In-Store,Rainy,26,2.0,No,2.9,Neutral
b9bfde6d,Electronics,2771.15,271.0,78.0,Fall,No,Tuesday,In-Store,Rainy,4,3.29,No,3.38,Negative
16df78e8,Clothing,4191.15,69.0,47.0,Winter,No,Sunday,Online,Sunny,22,2.62,No,1.38,Positive
3addacac,Clothing,1902.3,340.0,,Fall,No,Sunday,Online,Snowy,18,2.6,Yes,1.11,Neutral
b1fa4bbc,Groceries,3236.07,307.0,1500.0,Summer,Yes,Tuesday,Online,Sunny,8,4.42,No,4.0,Negative
579a43c7,Electronics,4656.76,324.0,,Winter,No,Thursday,In-Store,Sunny,17,3.65,Yes,3.62,Positive
5b732bf9,Furniture,262.28,177.0,96.0,Winter,Yes,Friday,Online,Cloudy,18,2.85,Yes,0.64,Neutral
fca10203,Furniture,49719.3,,203.0,Spring,No,Saturday,Online,Sunny,2,3.29,No,0.53,Negative
024f7aae,Electronics,680.03,336.0,119.0,Summer,No,Thursday,In-Store,Snowy,23,2.69,No,2.37,Neutral
932d3855,Electronics,1205.66,120.0,1500.0,Summer,Yes,Sunday,Online,Sunny,29,3.75,No,2.08,Negative
82a8bc68,Clothing,2668.9,121.0,152.0,Fall,Yes,Friday,In-Store,Cloudy,12,4.99,Yes,1.04,Neutral
6e6739b0,Groceries,1387.32,282.0,190.0,Fall,Yes,Wednesday,Online,Snowy,20,1.53,No,2.27,Neutral
c471c223,Clothing,2340.72,298.0,136.0,Fall,Yes,Thursday,Online,Snowy,23,1.02,No,2.23,Positive
78a34b9f,Clothing,3519.77,287.0,61.0,Fall,Yes,Friday,Online,Sunny,5,4.55,Yes,3.85,Positive
f41cc435,Clothing,3441.78,323.0,52.0,Fall,No,Tuesday,In-Store,Rainy,13,1.38,No,2.27,Positive
f7957d3b,Furniture,4281.85,327.0,275.0,Fall,No,Thursday,In-Store,Rainy,24,3.33,No,4.33,Neutral
c5a67a48,Clothing,2679.08,147.0,1.0,Winter,Yes,Sunday,In-Store,Sunny,11,1.97,Yes,3.47,Neutral
88a26214,Electronics,789.99,486.0,54.0,Fall,Yes,Tuesday,Other,Cloudy,23,2.38,Yes,4.64,Neutral
73880b31,Groceries,1865.08,99.0,253.0,Fall,No,Tuesday,In-Store,Snowy,6,3.33,Yes,1.78,Positive
9f024b00,Electronics,4485.74,122.0,67.0,Spring,No,Saturday,In-Store,Sunny,18,3.51,No,0.76,Negative
943dfc33,Furniture,463.82,151.0,123.0,Fall,Yes,Tuesday,In-Store,Sunny,27,1.93,Yes,4.31,Positive
972e75eb,Furniture,1594.16,116.0,243.0,Summer,No,Sunday,In-Store,Rainy,16,4.87,No,3.3,Positive
1987a8fc,Furniture,49719.3,358.0,112.0,Fall,No,Monday,Online,Sunny,1,3.8,Yes,2.28,Neutral
7a01b4c4,Groceries,1507.43,152.0,33.0,Fall,Yes,Monday,In-Store,Sunny,15,4.41,Yes,1.16,Positive
145af4f4,Clothing,3550.52,229.0,30.0,Spring,Yes,Sunday,In-Store,Cloudy,25,4.26,No,1.78,Positive
f05858b5,Groceries,4558.78,225.0,114.0,Fall,Yes,Friday,In-Store,Cloudy,14,1.96,Yes,2.5,Neutral
c796df8a,Furniture,2255.53,255.0,191.0,Fall,Yes,Tuesday,In-Store,Sunny,3,2.56,Yes,3.13,Neutral
6838d014,Clothing,1339.47,,122.0,Fall,No,Friday,In-Store,Cloudy,11,3.22,Yes,1.5,Positive
b29b8297,Furniture,1336.71,149.0,126.0,Summer,No,Saturday,Online,Cloudy,8,4.47,No,1.76,Negative
59540b1c,Groceries,49719.3,462.0,70.0,Spring,Yes,Monday,In-Store,Unknown,24,4.35,Yes,2.05,Negative
9085ba3b,Furniture,1757.25,85.0,37.0,Spring,No,Monday,Other,Sunny,23,4.8,No,2.0,Negative
d299e87f,Electronics,4060.69,196.0,71.0,Summer,No,Friday,In-Store,Sunny,5,3.97,Yes,2.61,Negative
dadf0e7f,Clothing,1327.3,,183.0,Winter,Yes,Wednesday,Online,Sunny,27,2.95,Yes,3.66,Negative
e9b18a8a,Groceries,49719.3,323.0,8.0,Fall,No,Monday,In-Store,Cloudy,30,4.02,Yes,2.22,Negative
ab8568cb,Furniture,2956.35,269.0,36.0,Spring,Yes,Saturday,In-Store,Rainy,22,4.95,Yes,1.57,Negative
349d25ed,Electronics,1587.9,296.0,5.0,Winter,No,Friday,In-Store,Cloudy,7,1.89,No,3.39,Neutral
16d0fb40,Electronics,4819.26,447.0,50.0,Winter,No,Tuesday,In-Store,Sunny,9,3.27,Yes,1.72,Negative
c6d71e29,Clothing,1758.05,302.0,83.0,Fall,No,Saturday,Online,Snowy,12,4.48,No,4.22,Negative
5d3abd7d,Furniture,4549.77,40.0,241.0,Spring,Yes,Wednesday,Other,Snowy,26,1.97,No,3.86,Neutral
a7efad3c,Electronics,4934.15,404.0,,Fall,No,Monday,Online,Cloudy,22,3.99,No,2.62,Positive
2122026a,Electronics,438.78,458.0,153.0,Fall,No,Monday,Online,Sunny,17,3.58,No,2.78,Positive
43d23877,Electronics,2449.12,426.0,79.0,Fall,Yes,Friday,Online,Rainy,5,3.06,No,2.31,Positive
b1d54b87,Clothing,1403.49,325.0,246.0,Summer,No,Friday,In-Store,Sunny,9,2.8,No,4.96,Neutral
94692149,Clothing,2528.79,72.0,116.0,Fall,Yes,Sunday,In-Store,Rainy,27,4.63,No,3.44,Negative
4684493a,Furniture,3917.47,126.0,58.0,Summer,Yes,Wednesday,Other,Cloudy,27,1.31,No,1.62,Negative
db129080,Groceries,49719.3,262.0,35.0,Spring,Yes,Thursday,In-Store,Cloudy,14,1.12,Yes,4.06,Positive
66975eec,Furniture,2115.89,,,Spring,No,Saturday,Online,Sunny,23,3.33,No,4.54,Neutral
ddd5cdde,Clothing,551.69,,27.0,Fall,Yes,Saturday,Online,Rainy,21,1.83,Yes,1.33,Negative
19c4e91c,Clothing,1482.06,383.0,108.0,Spring,Yes,Sunday,In-Store,Sunny,21,2.77,Yes,2.75,Neutral
4fbf2824,Electronics,1268.78,39.0,216.0,Winter,Yes,Thursday,In-Store,Rainy,15,3.09,No,2.91,Positive
1f2edf0b,Groceries,3478.83,379.0,87.0,Summer,No,Saturday,Online,Sunny,13,2.94,No,3.11,Neutral
90aa81de,Groceries,3877.17,,81.0,Fall,Yes,Wednesday,Online,Rainy,5,4.58,No,2.5,Positive
bcbb1381,Clothing,94.58,471.0,271.0,Spring,Yes,Tuesday,Online,Sunny,16,4.71,Yes,1.11,Negative
0558deb6,Electronics,4862.76,78.0,1500.0,Fall,Yes,Tuesday,Online,Sunny,15,3.54,Yes,4.77,Neutral
1f861038,Furniture,1599.6,41.0,,Fall,No,Thursday,Online,Sunny,29,3.28,No,2.85,Negative
df7368ed,Furniture,3797.65,203.0,266.0,Winter,No,Saturday,Online,Rainy,20,4.02,No,0.57,Negative
ac425fb2,Groceries,1938.81,405.0,154.0,Summer,No,Saturday,In-Store,Sunny,12,2.88,No,2.51,Neutral
f324d78a,Furniture,1418.37,103.0,179.0,Summer,No,Thursday,In-Store,Rainy,18,1.25,No,4.48,Neutral
1b779045,Groceries,2105.32,47.0,,Spring,No,Thursday,Online,Cloudy,27,3.98,Yes,1.41,Neutral
6bc0d3b9,Clothing,3497.48,441.0,292.0,Summer,No,Sunday,Online,Cloudy,1,4.2,Yes,1.82,Negative
f1a8e772,Groceries,1085.01,71.0,93.0,Summer,No,Friday,In-Store,Snowy,1,3.38,Yes,2.64,Positive
e26523af,Electronics,1862.92,220.0,36.0,Fall,No,Tuesday,Online,Unknown,8,2.76,Yes,4.76,Neutral
081caf4e,Furniture,869.47,,56.0,Spring,No,Tuesday,In-Store,Cloudy,23,2.77,Yes,3.65,Positive
0229df92,Clothing,2629.21,231.0,189.0,Summer,Yes,Monday,Online,Snowy,15,1.85,No,0.75,Neutral
4ee4d397,Electronics,4090.21,347.0,230.0,Winter,Yes,Friday,Online,Cloudy,6,3.78,No,2.25,Neutral
ce2d98e7,Electronics,48.4,331.0,1500.0,Fall,Yes,Monday,Online,Rainy,2,1.6,Yes,3.29,Neutral
29b64e8d,Groceries,2373.74,6.0,1500.0,Fall,No,Tuesday,Other,Snowy,12,2.03,Yes,2.63,Negative
48fffdf7,Electronics,3906.84,32.0,234.0,Summer,No,Wednesday,Online,Rainy,30,4.67,No,4.59,Positive
a2d0f6a3,Clothing,3582.4,190.0,21.0,Fall,Yes,Friday,Online,Sunny,9,1.78,No,4.79,Neutral
cb93e8c6,Clothing,747.18,309.0,115.0,Winter,Yes,Wednesday,Other,Snowy,12,2.27,Yes,0.64,Positive
d3e6ee84,Electronics,2792.53,408.0,263.0,Winter,No,Monday,Online,Rainy,12,3.86,No,1.89,Negative
eacb1adf,Electronics,1304.12,24.0,128.0,Spring,Yes,Tuesday,Other,Rainy,12,3.99,Yes,1.24,Negative
102b1321,Clothing,2880.03,456.0,41.0,Spring,No,Saturday,Online,Unknown,3,2.86,Yes,3.03,Negative
b70d1f89,Electronics,2845.33,243.0,,Summer,Yes,Wednesday,Online,Snowy,28,4.47,No,0.69,Positive
c326219f,Electronics,217.96,288.0,134.0,Summer,No,Monday,In-Store,Snowy,24,2.07,No,2.07,Neutral
4fd990f9,Clothing,1204.44,,222.0,Spring,No,Thursday,In-Store,Snowy,8,3.38,Yes,2.44,Positive
8dba6182,Electronics,219.78,240.0,244.0,Spring,No,Monday,In-Store,Rainy,24,3.05,Yes,3.62,Positive
ec3c23a4,Groceries,4460.53,213.0,203.0,Fall,No,Saturday,In-Store,Snowy,21,4.98,No,2.98,Negative
b82964cc,Furniture,2993.29,225.0,269.0,Winter,Yes,Monday,Online,Rainy,9,1.97,No,1.89,Negative
5a39acb1,Groceries,1170.18,272.0,1500.0,Spring,Yes,Wednesday,In-Store,Snowy,21,4.87,No,2.64,Positive
95dd285e,Clothing,4171.1,61.0,212.0,Winter,No,Thursday,In-Store,Unknown,13,2.07,No,3.16,Positive
e45cf038,Furniture,1487.9,,150.0,Summer,Yes,Friday,In-Store,Cloudy,1,3.55,No,4.8,Neutral
737d2fd2,Electronics,49719.3,177.0,21.0,Winter,No,Wednesday,In-Store,Snowy,9,2.86,No,1.09,Positive
72d71d66,Groceries,3700.12,417.0,254.0,Summer,Yes,Friday,Online,Cloudy,19,3.25,No,0.92,Neutral
a8684fa3,Clothing,3022.45,234.0,281.0,Summer,Yes,Saturday,In-Store,Snowy,12,2.8,No,1.41,Negative
0dc4da1a,Groceries,3774.49,150.0,248.0,Winter,No,Wednesday,Other,Cloudy,15,1.09,Yes,1.08,Neutral
d59a996f,Furniture,4865.33,289.0,93.0,Fall,Yes,Sunday,Online,Rainy,28,3.51,No,3.37,Neutral
e6ca3921,Clothing,2359.4,123.0,189.0,Spring,No,Friday,In-Store,Rainy,17,3.07,No,2.09,Neutral
1d3c80a8,Clothing,1417.59,403.0,88.0,Fall,No,Sunday,Online,Rainy,3,1.35,No,4.76,Neutral
5558153e,Electronics,3137.78,452.0,39.0,Winter,Yes,Wednesday,In-Store,Sunny,2,1.58,No,3.51,Negative
91b201b6,Clothing,169.21,483.0,,Winter,Yes,Thursday,Online,Unknown,11,3.17,No,1.16,Negative
24890fa6,Clothing,4953.58,127.0,144.0,Fall,Yes,Friday,Online,Snowy,3,3.27,Yes,2.34,Positive
3c61f6fe,Groceries,4886.86,332.0,17.0,Fall,Yes,Friday,In-Store,Rainy,21,4.13,No,3.86,Negative
b9dba109,Groceries,227.26,360.0,78.0,Spring,Yes,Sunday,Other,Cloudy,3,2.09,No,0.94,Neutral
18905e2d,Furniture,773.36,451.0,1500.0,Fall,No,Monday,Online,Unknown,2,4.78,No,3.45,Neutral
c58260cb,Furniture,3047.16,277.0,71.0,Winter,Yes,Tuesday,Online,Unknown,16,3.3,No,1.75,Neutral
cb922583,Furniture,2633.21,99.0,9.0,Summer,Yes,Friday,Online,Unknown,3,2.56,No,1.09,Negative
5d0bd60e,Groceries,4145.78,,255.0,Summer,No,Wednesday,In-Store,Cloudy,22,4.52,Yes,3.38,Negative
5608c2dc,Groceries,960.34,318.0,1500.0,Fall,No,Tuesday,In-Store,Sunny,3,4.82,Yes,2.5,Positive
a37b0bc3,Furniture,92.18,89.0,45.0,Spring,No,Tuesday,Online,Rainy,2,1.63,No,4.79,Negative
9e216e65,Electronics,2835.42,426.0,262.0,Summer,No,Saturday,In-Store,Rainy,26,2.69,No,4.86,Positive
8c86e7cc,Clothing,4194.05,414.0,68.0,Fall,Yes,Wednesday,Online,Snowy,7,4.36,Yes,0.53,Negative
3e196cd2,Groceries,208.48,380.0,1500.0,Summer,No,Sunday,Online,Snowy,25,1.52,No,1.64,Neutral
e982ec23,Electronics,1101.84,438.0,57.0,Fall,Yes,Saturday,In-Store,Rainy,23,4.7,No,2.32,Neutral
68f5c87e,Furniture,2990.34,409.0,22.0,Spring,No,Tuesday,In-Store,Sunny,7,3.92,Yes,0.63,Negative
b0a56fcd,Furniture,1951.35,16.0,2.0,Spring,No,Wednesday,In-Store,Cloudy,21,3.53,Yes,3.17,Neutral
eb193f20,Electronics,1965.63,349.0,277.0,Winter,No,Friday,In-Store,Cloudy,3,1.9,Yes,2.68,Positive
cea4e743,Furniture,1561.77,60.0,14.0,Winter,Yes,Sunday,Online,Sunny,9,4.85,No,4.18,Positive
0f80f7e4,Electronics,3228.31,296.0,150.0,Winter,No,Thursday,Online,Snowy,20,3.89,Yes,1.41,Neutral
b8eb90e0,Electronics,4875.97,84.0,12.0,Spring,No,Tuesday,Online,Cloudy,10,4.28,Yes,0.77,Negative
2e5ab013,Groceries,49719.3,386.0,283.0,Summer,No,Friday,In-Store,Rainy,3,4.09,Yes,1.88,Negative
6a292cec,Electronics,4012.92,20.0,106.0,Summer,Yes,Sunday,Online,Snowy,22,3.77,No,4.27,Neutral
9aa6b3bc,Furniture,820.59,410.0,152.0,Spring,Yes,Wednesday,In-Store,Cloudy,10,3.6,No,3.22,Negative
1d21c055,Electronics,3087.96,216.0,220.0,Fall,No,Friday,Online,Unknown,5,4.23,Yes,1.57,Positive
147941d1,Electronics,46.76,62.0,1500.0,Fall,Yes,Tuesday,In-Store,Cloudy,24,3.55,No,4.85,Neutral
3d729746,Groceries,1354.42,191.0,56.0,Spring,Yes,Wednesday,Online,Rainy,29,1.31,Yes,0.56,Neutral
c067f7d4,Furniture,3992.27,144.0,259.0,Fall,Yes,Tuesday,Online,Unknown,5,4.05,Yes,2.56,Negative
7f36c9a9,Furniture,4729.95,128.0,25.0,Winter,No,Tuesday,In-Store,Unknown,25,1.09,No,3.6,Negative
7fba6a2e,Groceries,4030.33,147.0,26.0,Summer,Yes,Tuesday,In-Store,Snowy,3,4.06,Yes,4.26,Positive
f4c8a6d4,Clothing,4124.88,149.0,1500.0,Fall,Yes,Friday,In-Store,Unknown,29,4.85,Yes,4.16,Negative
c2704965,Clothing,1416.82,14.0,,Summer,Yes,Thursday,Online,Sunny,25,4.25,Yes,2.92,Neutral
a8fc0caa,Electronics,3154.06,210.0,242.0,Winter,Yes,Tuesday,Online,Sunny,15,4.32,No,4.08,Negative
b8e37407,Electronics,327.07,312.0,214.0,Summer,No,Saturday,Online,Cloudy,14,1.71,No,1.82,Positive
7986bba1,Furniture,1251.2,158.0,108.0,Summer,No,Wednesday,In-Store,Cloudy,29,3.33,No,1.32,Negative
bef6b1d0,Electronics,89.4,136.0,98.0,Spring,No,Sunday,In-Store,Sunny,25,3.03,No,2.26,Negative
f6319367,Groceries,2141.21,4.0,281.0,Summer,No,Monday,Online,Snowy,6,2.18,Yes,3.75,Neutral
ad8bc0d9,Electronics,1191.28,182.0,173.0,Winter,No,Tuesday,Online,Rainy,12,2.3,Yes,4.46,Negative
e7f93ff8,Electronics,770.39,,157.0,Spring,No,Thursday,Online,Sunny,21,1.87,Yes,3.08,Negative
0c57f0fc,Furniture,3181.72,,124.0,Winter,No,Wednesday,Online,Sunny,26,2.12,No,0.51,Negative
8a25e5fb,Furniture,2420.01,58.0,,Spring,Yes,Monday,Online,Snowy,2,1.91,Yes,1.53,Positive
b2641c8d,Furniture,4929.17,289.0,226.0,Summer,No,Sunday,Online,Sunny,7,1.87,No,0.83,Positive
22891daf,Clothing,3770.53,,211.0,Spring,No,Friday,Other,Sunny,8,3.2,No,0.85,Positive
cbceb8b9,Groceries,4764.39,283.0,1500.0,Fall,Yes,Thursday,In-Store,Snowy,3,2.36,Yes,4.95,Neutral
582f71d6,Electronics,3998.72,23.0,75.0,Winter,No,Friday,Online,Cloudy,9,4.78,Yes,4.55,Negative
379102c9,Clothing,1275.46,345.0,13.0,Fall,Yes,Saturday,Online,Sunny,10,2.37,No,4.03,Negative
f2752ebd,Groceries,4450.16,496.0,1500.0,Winter,Yes,Wednesday,In-Store,Cloudy,1,4.38,Yes,2.83,Negative
c99f2093,Electronics,810.17,193.0,222.0,Winter,No,Saturday,In-Store,Rainy,8,1.97,No,3.29,Neutral
8e7d5fef,Furniture,1582.09,272.0,,Spring,No,Wednesday,In-Store,Cloudy,28,2.54,Yes,4.48,Positive
ebebb04b,Electronics,650.13,478.0,279.0,Fall,No,Saturday,In-Store,Sunny,11,3.41,No,4.68,Neutral
1cc7c6fc,Electronics,1362.14,151.0,174.0,Summer,Yes,Sunday,Online,Rainy,23,2.01,No,4.56,Negative
b5160a2b,Electronics,2423.4,362.0,,Fall,No,Friday,Online,Rainy,18,1.53,No,4.45,Negative
1088edf5,Groceries,298.82,400.0,189.0,Summer,Yes,Monday,In-Store,Snowy,21,3.16,Yes,2.15,Neutral
12eb0087,Electronics,3384.89,132.0,70.0,Fall,Yes,Wednesday,In-Store,Rainy,15,2.69,Yes,3.16,Neutral
405903eb,Groceries,4772.38,,,Fall,No,Tuesday,Online,Rainy,3,1.29,No,2.29,Positive
e785ab99,Electronics,3283.05,220.0,262.0,Fall,Yes,Sunday,In-Store,Cloudy,17,2.02,Yes,3.11,Positive
a1d31d0b,Electronics,49719.3,,48.0,Summer,No,Wednesday,Online,Sunny,22,2.7,Yes,3.95,Positive
3f1e79b4,Groceries,3181.51,332.0,212.0,Fall,Yes,Sunday,Online,Rainy,13,1.33,Yes,4.43,Neutral
369015f0,Electronics,4932.5,151.0,94.0,Spring,Yes,Friday,Online,Unknown,2,4.47,Yes,4.43,Positive
b47fefbd,Groceries,2351.14,265.0,1.0,Summer,Yes,Sunday,Online,Cloudy,7,1.86,Yes,3.0,Positive
9497f4ea,Groceries,549.48,,176.0,Summer,No,Saturday,In-Store,Sunny,3,4.39,Yes,1.08,Negative
1f826d7c,Electronics,3087.44,251.0,1.0,Winter,Yes,Tuesday,Online,Sunny,20,2.15,No,3.49,Negative
456f0a8e,Groceries,2442.87,345.0,153.0,Fall,Yes,Friday,In-Store,Snowy,16,2.84,Yes,1.05,Neutral
0a4eaa65,Clothing,1888.25,206.0,30.0,Summer,No,Tuesday,Online,Rainy,21,2.38,Yes,1.99,Positive
db69e080,Furniture,2527.5,363.0,165.0,Summer,No,Sunday,Online,Cloudy,12,2.69,Yes,4.79,Neutral
eb943b89,Furniture,3882.38,481.0,89.0,Spring,No,Tuesday,Online,Snowy,2,1.4,No,2.1,Neutral
e61aa4ce,Electronics,1538.5,64.0,209.0,Spring,No,Saturday,Online,Rainy,7,3.37,No,2.15,Negative
53259218,Furniture,1717.05,485.0,212.0,Fall,Yes,Sunday,In-Store,Snowy,17,4.66,No,1.15,Negative
aa559ef1,Electronics,4712.71,266.0,170.0,Spring,Yes,Wednesday,Other,Rainy,5,1.63,Yes,2.08,Positive
fe981f41,Groceries,2370.51,,235.0,Summer,Yes,Friday,Other,Snowy,11,1.84,No,3.8,Negative
e7fcb360,Electronics,4219.75,117.0,,Fall,No,Wednesday,Online,Unknown,23,2.37,Yes,1.25,Positive
b6f9853a,Furniture,49719.3,255.0,116.0,Fall,No,Wednesday,In-Store,Snowy,3,2.9,Yes,2.43,Positive
0e033cdd,Clothing,884.3,379.0,158.0,Spring,No,Monday,Other,Cloudy,1,2.23,Yes,1.32,Negative
0e49135f,Groceries,2317.79,423.0,207.0,Summer,No,Friday,In-Store,Sunny,4,3.19,Yes,0.5,Neutral
e787f024,Furniture,3122.58,26.0,194.0,Summer,No,Friday,In-Store,Rainy,6,2.32,No,4.15,Positive
472d5302,Electronics,2188.04,56.0,243.0,Summer,Yes,Sunday,Online,Cloudy,30,3.68,Yes,2.45,Negative
f5159884,Furniture,509.95,279.0,242.0,Spring,Yes,Thursday,Other,Sunny,6,1.79,Yes,3.64,Positive
bbcba08b,Groceries,4385.18,412.0,69.0,Spring,Yes,Tuesday,Online,Sunny,19,2.23,Yes,2.41,Negative
d01d047a,Groceries,1904.14,336.0,176.0,Winter,Yes,Saturday,Online,Rainy,16,2.95,No,1.81,Neutral
8e818ac6,Electronics,1907.88,424.0,267.0,Winter,Yes,Saturday,Online,Rainy,23,3.86,No,1.95,Negative
6c255116,Groceries,4502.19,423.0,252.0,Fall,Yes,Saturday,In-Store,Sunny,3,2.42,Yes,1.57,Positive
1b6cea2f,Electronics,1795.02,386.0,,Winter,Yes,Friday,Online,Cloudy,17,3.25,No,0.69,Negative
21897c77,Electronics,930.89,347.0,,Summer,Yes,Wednesday,In-Store,Unknown,28,2.66,No,1.55,Positive
21e64b9c,Clothing,4076.69,163.0,75.0,Winter,No,Saturday,In-Store,Snowy,18,4.89,Yes,4.69,Positive
e4c2106b,Electronics,264.77,319.0,57.0,Summer,Yes,Monday,Other,Sunny,23,4.89,Yes,1.51,Positive
2397889f,Electronics,1422.02,446.0,288.0,Winter,Yes,Sunday,In-Store,Unknown,16,4.99,Yes,2.03,Negative
bc16490f,Groceries,3215.62,98.0,268.0,Spring,Yes,Thursday,In-Store,Cloudy,13,3.36,Yes,2.91,Negative
8d1b6e14,Electronics,2210.8,31.0,207.0,Summer,No,Wednesday,In-Store,Snowy,17,2.66,Yes,2.01,Negative
8f2d7c41,Electronics,681.26,309.0,217.0,Fall,No,Saturday,In-Store,Unknown,23,4.95,Yes,3.81,Positive
52111eb7,Groceries,2208.65,467.0,250.0,Summer,Yes,Sunday,Other,Cloudy,18,4.83,No,2.77,Negative
78519c9a,Furniture,4915.71,234.0,275.0,Fall,No,Friday,Online,Rainy,17,4.21,No,1.15,Positive
953552af,Electronics,802.89,156.0,210.0,Winter,No,Wednesday,In-Store,Cloudy,18,2.33,No,4.06,Positive
73fe4e0b,Electronics,1950.76,183.0,166.0,Winter,No,Sunday,Online,Cloudy,12,1.45,Yes,2.78,Neutral
3ee85866,Groceries,4778.15,391.0,51.0,Summer,Yes,Saturday,Online,Snowy,11,2.52,No,2.04,Positive
9b28d3ab,Electronics,4637.91,81.0,238.0,Spring,No,Monday,In-Store,Sunny,15,3.66,No,1.54,Negative
5312abdf,Electronics,1140.97,380.0,189.0,Summer,No,Saturday,In-Store,Cloudy,19,4.67,Yes,1.87,Neutral
39cca529,Groceries,831.04,240.0,54.0,Spring,Yes,Wednesday,In-Store,Sunny,27,3.1,No,2.48,Positive
6e4aa6ec,Clothing,4407.65,379.0,75.0,Summer,No,Saturday,Online,Sunny,3,2.52,No,3.09,Negative
e5ee25c3,Groceries,1855.48,149.0,157.0,Winter,Yes,Sunday,In-Store,Sunny,26,2.75,No,0.91,Positive
fcf1f305,Electronics,2948.18,287.0,296.0,Fall,No,Saturday,Other,Snowy,19,3.75,Yes,1.28,Positive
7022f67f,Groceries,2411.31,375.0,214.0,Fall,Yes,Friday,Online,Rainy,17,3.22,Yes,1.55,Negative
d7f30ff7,Clothing,230.87,411.0,120.0,Summer,Yes,Sunday,In-Store,Rainy,30,1.82,Yes,3.69,Positive
70e48a9c,Furniture,49719.3,107.0,280.0,Fall,Yes,Saturday,Online,Snowy,2,2.46,No,1.06,Neutral
94e6dc56,Groceries,3650.39,180.0,188.0,Winter,No,Saturday,In-Store,Snowy,24,3.28,Yes,4.91,Negative
9cdc52fc,Electronics,49719.3,151.0,114.0,Spring,Yes,Thursday,In-Store,Snowy,14,2.02,Yes,2.11,Neutral
19be28ca,Groceries,402.71,469.0,13.0,Spring,No,Monday,Online,Cloudy,22,4.16,Yes,1.13,Positive
ce4866b1,Groceries,4971.93,459.0,113.0,Fall,No,Thursday,In-Store,Snowy,19,3.91,Yes,1.47,Negative
e5746480,Clothing,2408.31,422.0,277.0,Fall,Yes,Wednesday,Online,Rainy,28,3.29,No,3.5,Positive
9b6603ce,Furniture,658.48,295.0,151.0,Summer,No,Sunday,Online,Snowy,15,1.66,No,0.54,Negative
47910262,Clothing,2831.68,339.0,272.0,Spring,No,Saturday,In-Store,Rainy,29,1.76,Yes,2.03,Negative
6e51a3b5,Electronics,1729.46,357.0,230.0,Spring,Yes,Thursday,In-Store,Unknown,16,3.59,Yes,1.25,Neutral
39e7225c,Furniture,2012.63,407.0,,Spring,No,Saturday,Online,Sunny,14,4.61,No,1.3,Negative
86f7a449,Groceries,1765.48,366.0,,Spring,Yes,Wednesday,In-Store,Snowy,2,3.7,Yes,4.16,Positive
034767bf,Furniture,548.68,390.0,20.0,Fall,Yes,Sunday,In-Store,Sunny,6,1.12,Yes,3.09,Negative
d1d0471f,Electronics,259.14,475.0,,Winter,Yes,Friday,Online,Snowy,8,3.7,No,4.52,Neutral
cc56b3fe,Clothing,3848.02,52.0,64.0,Winter,No,Thursday,In-Store,Unknown,15,3.65,Yes,4.17,Negative
244c102a,Clothing,2663.11,37.0,79.0,Spring,Yes,Wednesday,Online,Cloudy,10,3.23,Yes,1.78,Negative
d1323659,Groceries,49719.3,376.0,226.0,Winter,Yes,Wednesday,Online,Cloudy,12,1.21,Yes,3.97,Positive
0043b51f,Groceries,377.71,235.0,26.0,Winter,No,Tuesday,In-Store,Sunny,19,4.4,Yes,2.88,Negative
01bf0e62,Clothing,2833.28,168.0,109.0,Spring,Yes,Thursday,In-Store,Rainy,18,1.71,Yes,4.76,Neutral
dec7601d,Furniture,1586.22,,150.0,Fall,No,Sunday,In-Store,Sunny,2,2.82,Yes,2.48,Negative
430e5c23,Furniture,4594.42,,271.0,Summer,Yes,Sunday,In-Store,Cloudy,21,3.7,Yes,1.15,Positive
37085fd2,Furniture,4868.72,284.0,9.0,Summer,No,Tuesday,In-Store,Sunny,17,3.68,No,1.22,Positive
3dc72249,Groceries,3944.95,272.0,249.0,Winter,Yes,Monday,In-Store,Rainy,30,4.56,No,2.33,Positive
5223350a,Electronics,4450.58,312.0,164.0,Winter,No,Friday,Online,Unknown,22,3.63,Yes,2.3,Neutral
319cb481,Groceries,2347.29,,10.0,Summer,No,Saturday,Online,Rainy,16,3.27,Yes,2.26,Positive
eb14646d,Clothing,3543.08,,35.0,Spring,Yes,Wednesday,Online,Cloudy,17,2.13,Yes,4.34,Negative
a4914d8b,Electronics,2883.35,334.0,251.0,Spring,No,Thursday,In-Store,Cloudy,26,4.0,No,1.63,Negative
a29223bc,Groceries,4115.7,299.0,4.0,Winter,No,Monday,In-Store,Cloudy,23,1.79,Yes,2.12,Negative
20e7f59f,Electronics,3458.15,464.0,97.0,Winter,No,Thursday,In-Store,Sunny,1,2.99,Yes,2.32,Neutral
9185a692,Electronics,1612.36,,61.0,Summer,Yes,Sunday,Online,Cloudy,25,1.71,Yes,3.94,Positive
a2b6b9af,Furniture,4949.94,372.0,46.0,Summer,No,Thursday,In-Store,Rainy,13,4.21,No,3.47,Negative
724b6e35,Clothing,1611.1,246.0,5.0,Fall,No,Tuesday,Online,Cloudy,23,3.64,Yes,4.19,Negative
300eeb7f,Electronics,2164.43,268.0,142.0,Winter,Yes,Wednesday,Online,Sunny,10,2.73,No,4.32,Negative
1485ed37,Groceries,1735.18,114.0,,Fall,Yes,Sunday,Online,Rainy,23,3.57,No,2.78,Negative
03f378f3,Electronics,49719.3,44.0,199.0,Winter,Yes,Wednesday,In-Store,Rainy,24,1.1,Yes,1.19,Positive
1361499a,Clothing,3283.18,24.0,105.0,Winter,No,Friday,Online,Unknown,8,1.65,Yes,1.57,Positive
f9549fac,Electronics,3325.09,41.0,195.0,Winter,Yes,Saturday,In-Store,Unknown,29,2.82,Yes,3.0,Positive
15c21927,Clothing,2990.14,40.0,258.0,Summer,Yes,Sunday,Online,Snowy,22,3.36,No,2.27,Positive
1b2c7e64,Clothing,1600.59,461.0,101.0,Winter,No,Friday,Online,Snowy,19,1.78,No,3.74,Positive
f5c6841d,Groceries,3621.49,395.0,74.0,Summer,No,Wednesday,Online,Snowy,27,4.2,Yes,1.64,Negative
67fe0f88,Furniture,630.68,49.0,41.0,Fall,Yes,Wednesday,Online,Snowy,9,1.73,Yes,3.23,Positive
a9d47755,Furniture,665.58,456.0,100.0,Spring,Yes,Tuesday,Online,Snowy,10,3.97,No,4.49,Neutral
b4a2f9e4,Groceries,49719.3,255.0,58.0,Winter,No,Wednesday,Online,Cloudy,13,3.97,No,3.15,Positive
9b0f3db5,Clothing,2809.71,311.0,95.0,Spring,No,Thursday,In-Store,Sunny,29,4.87,No,2.46,Neutral
d0acb2c0,Electronics,696.09,253.0,14.0,Summer,No,Tuesday,Online,Rainy,25,1.37,No,3.7,Negative
dcb59b0c,Clothing,1091.76,262.0,219.0,Spring,No,Monday,In-Store,Sunny,23,3.2,Yes,3.65,Negative
1eb99590,Furniture,327.1,,236.0,Fall,No,Monday,Online,Cloudy,1,1.65,No,3.93,Positive
a199d7c1,Furniture,2299.49,306.0,283.0,Winter,Yes,Friday,Online,Rainy,10,3.86,Yes,1.05,Positive
59c55226,Groceries,1356.58,255.0,,Summer,No,Sunday,Online,Sunny,25,1.08,No,3.98,Negative
c381037b,Electronics,2163.99,224.0,213.0,Spring,Yes,Saturday,Online,Rainy,4,2.86,Yes,4.9,Positive
86cbbbf8,Electronics,3339.65,259.0,92.0,Winter,Yes,Friday,In-Store,Sunny,1,1.59,No,3.63,Negative
80aaad4d,Clothing,1127.75,77.0,135.0,Fall,No,Saturday,In-Store,Rainy,20,2.19,No,2.55,Positive
f9259202,Groceries,3147.77,,96.0,Fall,Yes,Monday,Online,Snowy,18,4.99,No,2.78,Neutral
574595f4,Clothing,4331.48,151.0,,Fall,No,Thursday,Online,Cloudy,14,4.62,Yes,3.49,Neutral
c077029b,Furniture,2833.68,185.0,219.0,Fall,No,Wednesday,In-Store,Rainy,2,2.6,No,4.26,Negative
5532d076,Groceries,2334.61,216.0,,Summer,No,Saturday,Online,Snowy,17,1.05,No,0.6,Positive
b693363b,Furniture,702.87,140.0,187.0,Summer,Yes,Saturday,Other,Sunny,27,4.93,Yes,1.57,Positive
27fb6c74,Groceries,3229.27,178.0,219.0,Summer,No,Sunday,Other,Unknown,13,1.16,Yes,3.55,Neutral
70e32de8,Groceries,21.96,167.0,103.0,Fall,No,Monday,In-Store,Sunny,17,4.47,No,4.99,Neutral
26b656de,Electronics,4900.8,105.0,1500.0,Winter,No,Monday,Online,Sunny,23,4.54,No,0.99,Neutral
a50c5580,Furniture,3591.17,324.0,143.0,Fall,No,Monday,Online,Sunny,1,3.78,No,4.51,Neutral
11fd32f9,Furniture,101.66,315.0,117.0,Winter,Yes,Sunday,Online,Rainy,27,3.97,No,2.92,Neutral
b7e5cdf3,Clothing,829.44,439.0,211.0,Fall,No,Saturday,Other,Rainy,11,2.15,Yes,4.77,Positive
11768ba8,Electronics,1592.89,422.0,29.0,Winter,Yes,Wednesday,Online,Rainy,3,4.53,Yes,0.9,Neutral
7591c2d6,Clothing,182.15,223.0,219.0,Winter,No,Friday,Online,Snowy,14,1.31,Yes,2.94,Negative
e24108e1,Groceries,2537.83,402.0,17.0,Spring,Yes,Monday,Other,Rainy,13,3.76,Yes,2.47,Neutral
81acb314,Groceries,4526.8,292.0,100.0,Spring,No,Tuesday,In-Store,Cloudy,14,4.24,Yes,0.72,Neutral
9b47ea47,Electronics,4578.01,68.0,179.0,Fall,No,Thursday,Online,Sunny,9,4.27,No,4.72,Positive
2bb55be9,Clothing,2441.2,169.0,1500.0,Winter,Yes,Wednesday,In-Store,Snowy,18,4.94,Yes,4.38,Negative
e15ce0c3,Groceries,1918.81,112.0,,Summer,No,Thursday,In-Store,Snowy,10,2.02,Yes,4.01,Neutral
82869cbd,Groceries,49719.3,426.0,182.0,Fall,Yes,Wednesday,Online,Unknown,6,3.87,Yes,2.66,Neutral
4955dc3a,Clothing,3183.68,32.0,117.0,Winter,No,Friday,Online,Rainy,20,1.04,No,3.98,Neutral
51eee22e,Electronics,1608.06,,269.0,Winter,No,Wednesday,Online,Sunny,19,4.37,No,3.79,Neutral
72434116,Electronics,2550.5,43.0,1500.0,Summer,No,Wednesday,Other,Unknown,1,1.82,Yes,4.8,Positive
244be48d,Groceries,406.26,351.0,163.0,Fall,No,Sunday,In-Store,Snowy,20,5.0,Yes,1.55,Neutral
9d53398e,Furniture,682.47,351.0,,Winter,Yes,Sunday,In-Store,Rainy,4,3.85,Yes,1.99,Negative
e06a5a86,Furniture,552.25,,31.0,Fall,No,Thursday,In-Store,Cloudy,26,3.98,No,1.69,Positive
5c3f4695,Groceries,3698.39,303.0,200.0,Spring,Yes,Saturday,In-Store,Snowy,11,3.06,Yes,0.66,Neutral
d91dac7b,Groceries,1667.4,334.0,14.0,Winter,Yes,Wednesday,In-Store,Unknown,10,1.33,No,3.52,Positive
16a04164,Furniture,3178.48,22.0,231.0,Fall,Yes,Wednesday,In-Store,Sunny,20,2.9,Yes,3.08,Neutral
35ab8913,Clothing,503.88,,240.0,Spring,No,Thursday,Online,Snowy,16,3.78,Yes,2.35,Neutral
5f3be06a,Clothing,2305.14,311.0,8.0,Spring,Yes,Friday,Online,Rainy,20,3.34,Yes,3.53,Positive
dd2d68a9,Furniture,1073.51,291.0,67.0,Spring,Yes,Friday,In-Store,Sunny,13,3.83,No,4.5,Negative
3cff127e,Groceries,125.4,155.0,58.0,Winter,Yes,Sunday,In-Store,Snowy,17,4.97,Yes,4.16,Negative
73e6fd00,Groceries,3822.76,141.0,,Winter,Yes,Friday,Online,Cloudy,12,2.18,Yes,1.55,Positive
87864298,Electronics,4527.42,94.0,5.0,Fall,Yes,Tuesday,In-Store,Sunny,28,2.44,No,1.3,Positive
adedc4aa,Clothing,612.97,246.0,89.0,Fall,Yes,Thursday,Online,Unknown,25,4.21,No,4.67,Positive
087317fb,Clothing,620.73,41.0,203.0,Summer,No,Wednesday,In-Store,Sunny,11,2.53,Yes,1.44,Negative
1632281d,Electronics,2433.16,376.0,65.0,Summer,No,Sunday,In-Store,Sunny,20,2.01,Yes,1.63,Neutral
cefbe36b,Groceries,194.43,205.0,86.0,Fall,Yes,Wednesday,In-Store,Rainy,28,3.04,Yes,0.71,Neutral
07725786,Furniture,2811.85,374.0,299.0,Summer,No,Thursday,Online,Sunny,27,1.62,No,2.27,Neutral
de130b48,Clothing,4298.37,476.0,284.0,Fall,Yes,Sunday,Other,Unknown,12,4.71,Yes,2.06,Negative
e4a9854b,Electronics,2304.49,493.0,277.0,Summer,Yes,Tuesday,Online,Cloudy,11,2.11,No,1.43,Positive
be98f6c9,Electronics,4756.06,207.0,,Spring,No,Monday,Online,Snowy,14,4.75,Yes,3.58,Positive
e43832dd,Clothing,403.09,344.0,263.0,Winter,Yes,Friday,In-Store,Sunny,29,3.54,Yes,4.87,Neutral
1f804842,Electronics,4395.98,365.0,107.0,Winter,Yes,Tuesday,Online,Sunny,18,3.19,No,1.59,Negative
948866c9,Groceries,3456.92,332.0,167.0,Fall,Yes,Thursday,In-Store,Sunny,26,3.97,No,2.2,Negative
251db6dd,Furniture,698.12,182.0,178.0,Spring,Yes,Saturday,Other,Cloudy,7,1.66,No,3.45,Neutral
fb92014e,Groceries,123.95,396.0,,Winter,No,Monday,Online,Sunny,14,3.4,No,4.24,Neutral
2ad1de3b,Clothing,2303.26,,,Fall,No,Monday,In-Store,Unknown,16,3.87,Yes,1.23,Negative
3ac2c50b,Furniture,4964.24,262.0,8.0,Winter,No,Monday,Online,Sunny,7,3.52,No,0.51,Negative
9399c71f,Furniture,573.4,262.0,75.0,Fall,Yes,Sunday,In-Store,Rainy,22,2.29,Yes,4.58,Positive
670b9dc4,Groceries,888.02,160.0,,Summer,Yes,Saturday,Online,Rainy,25,3.24,No,3.34,Positive
cb7eec14,Clothing,1596.89,397.0,294.0,Fall,Yes,Thursday,In-Store,Cloudy,29,3.64,No,1.35,Positive
26c164ed,Electronics,4451.18,217.0,81.0,Spring,No,Monday,Online,Sunny,19,2.54,Yes,2.6,Positive
4204a379,Groceries,2158.45,335.0,52.0,Summer,Yes,Wednesday,Other,Sunny,30,1.64,Yes,3.23,Negative
2c5d3a3b,Groceries,3388.48,96.0,49.0,Fall,Yes,Sunday,Online,Sunny,2,3.39,No,2.65,Neutral
653f7964,Furniture,1629.44,496.0,107.0,Summer,Yes,Friday,In-Store,Unknown,13,2.94,Yes,1.21,Neutral
d3c71487,Groceries,1949.01,133.0,96.0,Fall,Yes,Sunday,Online,Rainy,11,2.23,No,2.13,Positive
288d940b,Groceries,516.4,405.0,35.0,Winter,No,Wednesday,Other,Snowy,26,3.13,Yes,4.5,Negative
ba8d8b1e,Electronics,4927.82,363.0,29.0,Winter,No,Friday,In-Store,Unknown,7,4.21,Yes,4.67,Neutral
8ab741ae,Groceries,1692.87,333.0,39.0,Spring,Yes,Tuesday,Online,Sunny,16,3.04,No,1.52,Positive
874b30de,Furniture,2684.74,201.0,,Summer,Yes,Saturday,Online,Sunny,27,3.36,No,2.21,Negative
6da3d280,Groceries,1187.9,52.0,118.0,Summer,Yes,Tuesday,In-Store,Sunny,19,1.06,Yes,3.98,Neutral
da2709d6,Furniture,2939.43,123.0,120.0,Fall,No,Monday,Online,Rainy,24,2.91,No,2.39,Negative
9237eef7,Furniture,183.27,476.0,271.0,Fall,Yes,Friday,In-Store,Sunny,1,4.95,Yes,1.48,Neutral
10717c22,Clothing,2280.29,411.0,,Fall,No,Monday,In-Store,Sunny,8,4.37,No,2.26,Neutral
4a99cbc1,Groceries,3419.25,88.0,1500.0,Winter,No,Wednesday,Online,Cloudy,12,3.0,Yes,2.93,Neutral
bef1e1f4,Furniture,870.41,445.0,89.0,Summer,Yes,Saturday,Online,Sunny,6,4.01,No,4.23,Positive
33544a2e,Furniture,3031.11,180.0,21.0,Winter,Yes,Saturday,Online,Snowy,1,2.77,Yes,1.15,Neutral
ed85c1fd,Clothing,4122.95,,91.0,Summer,Yes,Monday,In-Store,Rainy,29,3.76,Yes,4.31,Neutral
eeb58d13,Clothing,192.8,339.0,117.0,Winter,No,Thursday,In-Store,Cloudy,8,2.51,No,4.45,Negative
d7265ce9,Groceries,2129.64,326.0,178.0,Summer,Yes,Sunday,Online,Rainy,30,4.84,Yes,4.12,Positive
a64adc80,Groceries,643.95,62.0,196.0,Summer,Yes,Sunday,Online,Unknown,6,3.52,No,1.46,Neutral
de68a973,Clothing,4258.89,108.0,201.0,Fall,No,Friday,In-Store,Snowy,18,2.64,Yes,3.83,Neutral
133b5189,Electronics,3893.68,433.0,26.0,Winter,Yes,Sunday,In-Store,Sunny,19,1.75,Yes,1.57,Neutral
a6040bb7,Furniture,1667.14,352.0,248.0,Summer,No,Saturday,Online,Unknown,23,3.99,No,2.5,Neutral
1b24b38c,Electronics,49719.3,209.0,,Winter,No,Wednesday,In-Store,Cloudy,2,1.19,No,4.67,Positive
7cb3b5ed,Clothing,3283.96,499.0,59.0,Summer,Yes,Monday,Online,Sunny,3,2.5,No,2.81,Neutral
704feff6,Electronics,283.94,124.0,99.0,Spring,Yes,Saturday,Online,Snowy,16,1.96,Yes,0.87,Neutral
6187e9f7,Groceries,1247.64,451.0,201.0,Spring,No,Sunday,In-Store,Sunny,9,1.45,Yes,0.5,Positive
e4114735,Clothing,1881.57,26.0,230.0,Summer,Yes,Sunday,In-Store,Rainy,5,3.26,Yes,4.74,Negative
ccb64391,Clothing,1058.61,259.0,1500.0,Fall,Yes,Saturday,In-Store,Rainy,11,4.15,Yes,2.01,Negative
074c9903,Clothing,3349.98,97.0,131.0,Fall,Yes,Friday,In-Store,Snowy,28,3.9,No,2.32,Negative
e6ff1f0c,Furniture,4166.86,153.0,264.0,Summer,No,Tuesday,In-Store,Sunny,12,2.55,Yes,1.78,Negative
7c6b32e8,Clothing,2598.0,219.0,196.0,Winter,No,Thursday,In-Store,Unknown,17,1.52,Yes,3.95,Negative
f2b1feec,Groceries,4488.21,345.0,288.0,Winter,No,Friday,Online,Rainy,17,4.01,No,0.83,Neutral
775d0869,Clothing,1817.24,77.0,55.0,Fall,No,Sunday,In-Store,Sunny,8,1.52,No,2.44,Positive
1993942d,Furniture,3188.03,320.0,131.0,Summer,No,Sunday,Online,Rainy,18,2.87,Yes,4.39,Negative
24f6baad,Clothing,220.96,67.0,1500.0,Fall,Yes,Sunday,Online,Cloudy,8,4.15,Yes,0.72,Positive
f11d3ceb,Furniture,4022.42,305.0,232.0,Spring,No,Monday,Online,Cloudy,10,3.4,Yes,4.43,Positive
c9bbb72b,Electronics,4099.98,240.0,1500.0,Winter,No,Thursday,Other,Rainy,11,2.36,No,1.95,Positive
406a6cef,Electronics,4801.23,308.0,202.0,Winter,No,Monday,In-Store,Sunny,16,2.43,Yes,1.33,Negative
9eb15619,Furniture,3330.42,386.0,202.0,Spring,Yes,Tuesday,In-Store,Snowy,5,2.46,No,3.63,Neutral
c0d106f4,Groceries,1559.16,341.0,8.0,Fall,No,Sunday,Online,Rainy,22,2.22,Yes,1.04,Positive
5ebeb23c,Groceries,3353.36,320.0,,Winter,No,Saturday,In-Store,Sunny,13,4.08,No,1.55,Positive
82bf8b76,Electronics,3541.85,31.0,118.0,Winter,No,Thursday,Online,Snowy,5,1.42,No,0.9,Negative
de056e83,Groceries,3546.67,136.0,209.0,Summer,No,Friday,In-Store,Cloudy,17,2.33,Yes,2.86,Positive
20562b43,Furniture,2691.66,382.0,141.0,Winter,Yes,Friday,In-Store,Rainy,24,1.35,No,4.46,Negative
276c59a6,Electronics,4292.68,168.0,222.0,Fall,No,Friday,Online,Snowy,3,1.1,No,0.64,Neutral
0f216b69,Groceries,4518.69,38.0,132.0,Spring,Yes,Saturday,Online,Cloudy,23,3.51,No,1.73,Neutral
3cc8c71b,Groceries,49719.3,318.0,140.0,Fall,No,Monday,In-Store,Snowy,3,1.22,No,4.56,Neutral
44bbc2cb,Groceries,2263.6,214.0,101.0,Summer,Yes,Friday,In-Store,Cloudy,14,2.22,No,0.6,Neutral
c41ef886,Clothing,3745.89,313.0,201.0,Fall,No,Thursday,Online,Snowy,4,2.7,No,0.79,Negative
e02be1ca,Furniture,4644.72,27.0,214.0,Winter,Yes,Friday,Online,Rainy,19,4.61,Yes,3.75,Positive
0a5d20e1,Groceries,1493.44,170.0,1500.0,Spring,Yes,Thursday,Other,Sunny,6,2.35,Yes,1.93,Neutral
3893659d,Electronics,4871.57,106.0,229.0,Spring,No,Thursday,In-Store,Snowy,14,4.42,No,0.52,Positive
e9d924bc,Groceries,2676.63,393.0,49.0,Fall,No,Thursday,In-Store,Cloudy,4,4.54,No,4.99,Positive
4ac32304,Electronics,4852.93,95.0,211.0,Spring,Yes,Saturday,In-Store,Cloudy,11,2.07,Yes,4.72,Positive
ecb4ebb1,Clothing,2417.65,212.0,240.0,Fall,No,Thursday,In-Store,Rainy,10,4.31,No,4.73,Positive
34e60ed4,Furniture,3047.79,163.0,48.0,Fall,No,Sunday,Other,Cloudy,5,2.02,No,0.9,Negative
57e035dd,Clothing,3439.99,329.0,,Spring,No,Thursday,In-Store,Rainy,28,1.71,No,2.08,Positive
3a4a8d45,Furniture,2415.69,148.0,102.0,Spring,No,Saturday,In-Store,Snowy,14,2.74,Yes,3.14,Positive
4b40d696,Groceries,1163.72,433.0,,Winter,No,Friday,Online,Rainy,9,2.94,No,3.81,Negative
76c0b76f,Furniture,49719.3,72.0,259.0,Fall,Yes,Wednesday,In-Store,Cloudy,25,4.87,Yes,1.0,Neutral
5cfaf7ba,Groceries,4214.03,179.0,1500.0,Summer,No,Sunday,Online,Unknown,13,4.86,No,0.75,Positive
82eaea2b,Clothing,2716.84,59.0,75.0,Summer,No,Monday,Other,Sunny,25,2.95,No,1.41,Neutral
0d25c81c,Furniture,1641.38,67.0,129.0,Fall,Yes,Friday,In-Store,Cloudy,30,1.55,Yes,1.91,Positive
93679822,Clothing,2470.12,415.0,187.0,Summer,No,Monday,In-Store,Sunny,5,4.54,Yes,0.56,Neutral
9e73b57d,Clothing,4709.61,215.0,154.0,Summer,No,Tuesday,In-Store,Cloudy,9,1.01,Yes,4.16,Positive
b36a0793,Clothing,4824.35,223.0,93.0,Summer,No,Thursday,Online,Snowy,14,2.93,Yes,2.84,Positive
42237de9,Groceries,2754.81,420.0,48.0,Fall,No,Saturday,Online,Snowy,20,4.9,No,0.73,Neutral
a063561f,Groceries,4515.79,149.0,92.0,Summer,Yes,Saturday,In-Store,Rainy,16,2.59,No,4.48,Positive
95080775,Clothing,4796.41,93.0,205.0,Summer,No,Wednesday,Online,Unknown,1,1.7,Yes,2.96,Negative
9df38221,Clothing,49719.3,209.0,79.0,Fall,No,Wednesday,Online,Cloudy,12,2.21,Yes,4.42,Positive
d240d98c,Groceries,3880.62,115.0,60.0,Summer,Yes,Thursday,Online,Snowy,27,2.61,No,4.29,Positive
e9da245f,Electronics,2771.72,102.0,194.0,Winter,Yes,Wednesday,Online,Rainy,26,1.36,No,3.75,Neutral
fb0705a7,Clothing,4158.42,358.0,35.0,Summer,Yes,Sunday,In-Store,Snowy,27,4.23,Yes,4.39,Negative
57e96b7f,Electronics,2961.75,62.0,250.0,Winter,Yes,Monday,Online,Cloudy,14,4.84,Yes,2.07,Negative
d00a0d5d,Clothing,1832.79,197.0,62.0,Summer,No,Friday,Online,Snowy,25,3.41,No,4.32,Negative
fa2fcb4c,Clothing,267.78,65.0,,Winter,No,Wednesday,Online,Rainy,13,4.02,No,2.53,Negative
e6b3ae19,Groceries,920.64,,168.0,Spring,Yes,Thursday,In-Store,Sunny,16,2.49,No,3.37,Negative
87bba543,Clothing,1993.62,320.0,214.0,Fall,Yes,Sunday,Online,Rainy,11,3.92,Yes,4.78,Negative
b847b290,Clothing,4245.62,175.0,205.0,Winter,Yes,Friday,Online,Rainy,9,4.26,No,0.72,Neutral
8cd14d27,Groceries,1677.58,,241.0,Spring,No,Wednesday,In-Store,Snowy,23,4.16,Yes,1.26,Negative
019d166a,Clothing,2462.82,433.0,122.0,Spring,No,Wednesday,Online,Snowy,21,3.52,No,1.84,Positive
6063b3ad,Electronics,1023.89,99.0,1500.0,Summer,No,Monday,Online,Cloudy,14,1.68,Yes,0.95,Positive
21637060,Clothing,2264.01,409.0,,Fall,No,Sunday,In-Store,Snowy,8,1.09,Yes,4.75,Negative
7698df56,Furniture,1738.08,174.0,109.0,Winter,No,Saturday,Online,Sunny,16,1.12,No,4.55,Negative
a8541d18,Groceries,1179.93,445.0,135.0,Fall,Yes,Friday,In-Store,Cloudy,19,1.0,No,3.7,Positive
a59e0241,Groceries,49719.3,,,Winter,No,Saturday,In-Store,Rainy,14,1.41,No,2.35,Positive
3fbbfa89,Clothing,4197.38,391.0,,Fall,No,Tuesday,Other,Unknown,26,3.67,Yes,4.16,Neutral
cd45ca33,Electronics,3682.99,,118.0,Winter,Yes,Thursday,Other,Cloudy,15,1.35,No,2.45,Negative
7dc5188c,Clothing,4190.04,63.0,,Spring,No,Wednesday,Online,Snowy,4,1.02,No,4.01,Positive
a462d6e6,Furniture,49719.3,393.0,99.0,Summer,No,Wednesday,In-Store,Rainy,30,1.47,No,3.88,Negative
f57cff50,Clothing,1907.93,211.0,174.0,Spring,Yes,Friday,In-Store,Unknown,29,4.3,Yes,1.54,Neutral
dee5f6d7,Furniture,4507.6,366.0,283.0,Winter,No,Thursday,In-Store,Snowy,7,1.87,Yes,1.5,Negative
2b20dbec,Clothing,1835.32,,133.0,Winter,Yes,Saturday,Online,Cloudy,20,2.08,Yes,0.71,Positive
c693c30f,Clothing,277.42,343.0,15.0,Summer,Yes,Monday,In-Store,Sunny,15,3.29,Yes,3.31,Negative
cdcd3540,Electronics,4176.31,10.0,253.0,Winter,No,Wednesday,In-Store,Snowy,25,4.4,No,1.02,Positive
3a52b1d5,Electronics,383.8,136.0,20.0,Summer,No,Thursday,Online,Snowy,15,3.56,Yes,2.45,Neutral
a7199aa4,Groceries,3172.41,213.0,285.0,Winter,No,Wednesday,Online,Cloudy,17,3.61,Yes,4.47,Negative
b4a52471,Furniture,1651.16,44.0,158.0,Spring,Yes,Wednesday,Online,Rainy,17,2.66,No,3.03,Neutral
36b5c96d,Clothing,3933.48,454.0,,Spring,Yes,Tuesday,In-Store,Unknown,25,1.16,No,4.96,Neutral
65b365a8,Clothing,2121.86,244.0,18.0,Fall,Yes,Thursday,In-Store,Snowy,4,1.99,No,3.93,Negative
ff898e9e,Electronics,165.95,,286.0,Fall,No,Monday,Online,Cloudy,17,4.21,No,3.48,Positive
1744b3de,Electronics,1912.65,453.0,123.0,Fall,No,Friday,Online,Sunny,6,1.14,Yes,0.75,Positive
d93f1396,Furniture,4051.1,,180.0,Summer,No,Wednesday,In-Store,Sunny,18,2.02,No,3.31,Neutral
380d72b3,Furniture,181.05,439.0,235.0,Winter,No,Thursday,Online,Sunny,18,1.84,No,1.26,Neutral
8bb1b890,Groceries,938.94,18.0,226.0,Summer,Yes,Saturday,In-Store,Rainy,10,1.3,Yes,1.02,Neutral
b9d5d48c,Electronics,4162.85,344.0,112.0,Winter,No,Friday,In-Store,Rainy,23,4.36,No,1.92,Neutral
50df45b4,Groceries,1581.21,443.0,77.0,Spring,Yes,Monday,Other,Sunny,1,4.02,Yes,4.73,Positive
ae0ac477,Furniture,540.95,89.0,,Fall,No,Sunday,In-Store,Cloudy,18,1.5,Yes,4.78,Negative
4d05615f,Groceries,4597.0,1.0,18.0,Winter,No,Friday,Other,Snowy,18,3.6,Yes,2.33,Neutral
b4b9bf28,Groceries,2330.41,331.0,165.0,Spring,Yes,Saturday,Online,Unknown,6,2.94,No,1.61,Negative
cbf687e2,Clothing,626.22,237.0,,Summer,No,Wednesday,Online,Snowy,29,4.79,No,2.14,Negative
86c46f36,Clothing,1699.93,120.0,250.0,Summer,No,Thursday,Other,Snowy,29,4.92,No,2.55,Positive
ed5e735d,Clothing,3991.01,,1.0,Fall,Yes,Sunday,In-Store,Snowy,29,3.04,Yes,4.28,Negative
6ae5672a,Groceries,734.19,48.0,151.0,Spring,No,Saturday,Online,Snowy,27,2.79,No,4.42,Negative
46607ffb,Furniture,561.7,336.0,164.0,Spring,No,Saturday,In-Store,Cloudy,6,3.05,No,4.39,Neutral
bf199abc,Clothing,43.77,131.0,,Winter,Yes,Monday,In-Store,Cloudy,22,4.01,Yes,4.01,Positive
707cd112,Clothing,3863.89,415.0,273.0,Summer,No,Thursday,Other,Sunny,30,1.82,Yes,0.84,Positive
ec0d9f7c,Furniture,3456.04,,107.0,Fall,Yes,Saturday,In-Store,Rainy,12,1.43,No,2.68,Positive
79eedb31,Clothing,3202.51,97.0,233.0,Winter,Yes,Saturday,Online,Unknown,29,3.93,Yes,0.86,Neutral
e0d7e49d,Electronics,707.21,270.0,124.0,Winter,Yes,Tuesday,Online,Snowy,2,1.44,Yes,4.06,Neutral
27b4a293,Groceries,49719.3,499.0,1500.0,Fall,Yes,Tuesday,Other,Sunny,24,2.04,No,2.53,Neutral
6d8434d3,Electronics,4341.5,413.0,248.0,Winter,No,Wednesday,Online,Snowy,21,4.13,Yes,3.02,Positive
122dfc47,Groceries,3958.95,313.0,132.0,Spring,No,Tuesday,Online,Rainy,26,2.16,No,3.5,Positive
4458b58d,Electronics,802.95,238.0,1.0,Fall,No,Monday,Online,Snowy,11,4.98,Yes,3.5,Negative
1b1fafbe,Electronics,3783.02,183.0,,Summer,No,Saturday,In-Store,Rainy,16,4.73,Yes,2.25,Negative
ebb04f90,Clothing,4489.95,,115.0,Winter,No,Monday,In-Store,Rainy,9,3.62,Yes,2.13,Neutral
e9625461,Electronics,49719.3,407.0,198.0,Summer,Yes,Saturday,In-Store,Sunny,30,4.91,Yes,3.3,Negative
cc8ae6a1,Furniture,2838.02,171.0,1500.0,Winter,No,Monday,In-Store,Unknown,26,2.34,Yes,3.99,Negative
f611503b,Groceries,1792.16,181.0,,Summer,No,Tuesday,Online,Sunny,29,2.36,No,3.98,Neutral
9c1d7113,Furniture,2687.97,241.0,210.0,Fall,Yes,Wednesday,Online,Sunny,14,4.03,Yes,2.32,Positive
93d7c5cd,Furniture,817.9,330.0,58.0,Winter,No,Wednesday,Other,Sunny,19,1.41,No,3.28,Negative
613c33eb,Electronics,789.35,467.0,103.0,Winter,Yes,Monday,Online,Snowy,18,1.6,No,1.12,Positive
4ddf8a09,Clothing,1414.85,58.0,289.0,Summer,No,Monday,In-Store,Rainy,14,2.34,Yes,4.49,Negative
c9a07374,Furniture,49719.3,123.0,29.0,Fall,Yes,Monday,Online,Rainy,15,4.29,No,2.39,Neutral
4332af9d,Groceries,959.42,428.0,199.0,Spring,No,Monday,Online,Sunny,2,1.28,No,3.91,Negative
aa8d31f1,Groceries,868.62,378.0,,Winter,No,Wednesday,In-Store,Rainy,6,3.99,Yes,1.97,Negative
4add26c4,Furniture,49719.3,246.0,92.0,Fall,Yes,Sunday,In-Store,Snowy,10,4.23,Yes,4.85,Positive
ed764cd6,Furniture,4465.91,397.0,180.0,Spring,Yes,Wednesday,Online,Cloudy,13,1.9,No,3.25,Negative
955219c9,Clothing,3067.31,53.0,,Fall,Yes,Tuesday,Online,Cloudy,9,2.13,Yes,3.8,Neutral
439c06d7,Furniture,755.61,145.0,182.0,Winter,Yes,Wednesday,In-Store,Unknown,19,3.05,Yes,1.12,Negative
fb09a986,Clothing,4443.11,343.0,105.0,Summer,Yes,Saturday,Other,Snowy,18,1.75,Yes,4.44,Positive
98e5e06b,Clothing,363.26,241.0,129.0,Spring,Yes,Saturday,Other,Rainy,9,1.7,No,1.67,Neutral
70ff41e7,Clothing,2785.55,,1500.0,Spring,Yes,Thursday,In-Store,Cloudy,24,3.94,Yes,4.55,Neutral
de545e5e,Electronics,1880.2,79.0,131.0,Fall,Yes,Wednesday,Other,Sunny,23,1.7,Yes,2.39,Neutral
756d9e4c,Furniture,3818.83,115.0,195.0,Summer,Yes,Monday,In-Store,Sunny,6,2.26,Yes,3.27,Negative
a373de3a,Electronics,2015.54,149.0,161.0,Winter,Yes,Monday,In-Store,Cloudy,21,2.52,No,4.24,Positive
a6047268,Groceries,4508.72,175.0,74.0,Summer,No,Tuesday,Other,Rainy,21,4.31,No,4.85,Negative
251bffc9,Furniture,1006.0,,26.0,Winter,Yes,Saturday,Online,Cloudy,5,1.81,No,1.79,Positive
21f2a48d,Groceries,427.41,324.0,205.0,Spring,No,Tuesday,Online,Cloudy,28,2.1,Yes,4.13,Positive
c02760d3,Clothing,3893.74,126.0,162.0,Fall,Yes,Wednesday,Online,Sunny,20,3.41,No,3.8,Negative
8ff6cc7c,Clothing,1510.33,367.0,,Summer,No,Sunday,In-Store,Sunny,4,1.6,Yes,4.78,Negative
624d2290,Electronics,1766.28,350.0,178.0,Summer,Yes,Friday,In-Store,Sunny,11,4.4,No,3.56,Neutral
dd374bf9,Electronics,2096.39,446.0,66.0,Winter,No,Sunday,Online,Unknown,11,4.54,No,4.32,Neutral
d40ef07f,Furniture,971.44,,201.0,Winter,Yes,Saturday,Online,Cloudy,14,4.04,No,3.03,Positive
4a6a98ab,Electronics,3157.14,147.0,103.0,Spring,No,Thursday,Online,Cloudy,25,3.29,No,3.03,Negative
d8539388,Electronics,380.14,11.0,,Fall,No,Friday,In-Store,Snowy,15,1.54,No,4.91,Neutral
9489e14a,Furniture,330.35,126.0,124.0,Summer,No,Wednesday,Online,Rainy,29,1.36,Yes,1.8,Neutral
f3be01e8,Groceries,2153.46,498.0,254.0,Summer,Yes,Friday,Online,Snowy,13,4.35,No,4.17,Neutral
fedca83f,Groceries,4920.4,90.0,281.0,Fall,No,Sunday,In-Store,Snowy,4,3.77,Yes,1.6,Neutral
acab7aaa,Furniture,4476.4,66.0,7.0,Spring,Yes,Thursday,In-Store,Sunny,9,4.7,No,4.97,Positive
529a9b4d,Furniture,238.38,494.0,199.0,Winter,No,Wednesday,In-Store,Rainy,10,2.1,No,4.55,Negative
f3a4c170,Furniture,49719.3,81.0,207.0,Spring,No,Tuesday,Online,Sunny,30,1.45,No,1.9,Positive
999c285b,Furniture,939.78,,1500.0,Summer,No,Wednesday,In-Store,Rainy,17,4.42,Yes,1.28,Neutral
5c1cfa40,Groceries,2743.62,171.0,145.0,Spring,No,Sunday,In-Store,Cloudy,26,3.82,No,1.86,Negative
cd8742e3,Furniture,272.81,95.0,15.0,Summer,Yes,Thursday,In-Store,Snowy,30,1.63,No,3.35,Negative
340ad51d,Furniture,1481.48,319.0,23.0,Spring,Yes,Tuesday,In-Store,Cloudy,13,3.26,No,2.19,Neutral
d1f7acf1,Furniture,2112.81,7.0,213.0,Spring,No,Thursday,Online,Rainy,5,2.49,No,2.14,Negative
4966fb4a,Groceries,3213.34,215.0,125.0,Spring,Yes,Sunday,In-Store,Sunny,24,2.79,No,2.31,Negative
2924c4d4,Groceries,203.52,45.0,105.0,Fall,Yes,Sunday,In-Store,Sunny,5,4.89,No,3.6,Neutral
99a27514,Groceries,123.42,352.0,59.0,Spring,Yes,Tuesday,Online,Cloudy,17,3.66,Yes,1.61,Negative
e7dc7855,Furniture,3755.82,188.0,,Summer,Yes,Thursday,Online,Sunny,13,2.84,Yes,1.28,Positive
51ee546b,Groceries,2012.39,113.0,68.0,Spring,No,Monday,In-Store,Snowy,29,4.74,Yes,3.59,Negative
03db3ec9,Electronics,1828.18,,63.0,Fall,Yes,Wednesday,Online,Sunny,22,2.04,No,4.57,Neutral
4136be7b,Clothing,1200.62,120.0,287.0,Summer,Yes,Thursday,Online,Cloudy,28,1.32,No,2.89,Positive
d9146597,Groceries,2243.74,249.0,,Summer,No,Monday,Online,Rainy,12,4.22,No,4.14,Neutral
26bb51e8,Electronics,3814.75,396.0,147.0,Winter,No,Tuesday,Online,Cloudy,13,4.4,No,2.17,Negative
78e864f0,Furniture,1303.64,431.0,284.0,Fall,No,Tuesday,In-Store,Cloudy,27,4.37,Yes,2.22,Negative
7a06845d,Groceries,442.59,18.0,189.0,Summer,Yes,Thursday,Online,Cloudy,12,4.1,Yes,3.92,Neutral
800efd6a,Electronics,4028.0,102.0,67.0,Summer,Yes,Thursday,Online,Rainy,4,2.22,Yes,1.26,Neutral
6baea389,Groceries,2717.9,108.0,157.0,Summer,Yes,Tuesday,In-Store,Unknown,16,4.08,Yes,3.73,Positive
5fcd649d,Electronics,4706.63,175.0,79.0,Spring,No,Wednesday,In-Store,Rainy,7,4.35,No,2.79,Negative
e8b55409,Electronics,2306.54,170.0,166.0,Spring,Yes,Wednesday,Online,Rainy,23,3.13,No,4.84,Positive
0d314ab2,Electronics,3172.48,131.0,46.0,Fall,No,Monday,Other,Snowy,28,3.77,Yes,3.93,Negative
2bb9441f,Groceries,3286.8,489.0,,Fall,No,Wednesday,Online,Sunny,15,1.52,Yes,3.79,Positive
7eddcecb,Clothing,2796.37,6.0,283.0,Spring,No,Thursday,In-Store,Cloudy,26,4.28,Yes,3.45,Neutral
73d7d47a,Groceries,3792.79,201.0,114.0,Spring,Yes,Sunday,In-Store,Sunny,12,4.24,Yes,2.44,Neutral
eaaaf989,Groceries,2096.02,182.0,244.0,Winter,Yes,Wednesday,Online,Sunny,4,1.11,No,1.55,Neutral
19d3d66c,Clothing,2903.34,26.0,174.0,Winter,Yes,Monday,In-Store,Sunny,20,2.86,No,3.84,Positive
45b11f37,Clothing,2664.57,,81.0,Fall,Yes,Sunday,Online,Sunny,10,4.32,Yes,2.3,Neutral
1f8e3bfe,Furniture,1958.17,208.0,251.0,Summer,No,Friday,In-Store,Snowy,23,3.05,Yes,1.32,Neutral
8a69a701,Electronics,3093.36,65.0,83.0,Spring,Yes,Saturday,Online,Snowy,3,3.39,Yes,2.16,Neutral
ce199418,Electronics,1880.05,153.0,58.0,Winter,Yes,Monday,In-Store,Snowy,15,4.84,Yes,0.94,Neutral
4b97c9ca,Furniture,1278.79,240.0,286.0,Summer,No,Thursday,In-Store,Snowy,12,3.2,Yes,1.13,Neutral
40923c57,Furniture,4806.78,499.0,,Spring,Yes,Friday,In-Store,Cloudy,17,3.79,Yes,1.28,Positive
543f4dc3,Furniture,4389.86,140.0,,Winter,Yes,Wednesday,In-Store,Sunny,10,3.51,No,1.53,Positive
47f9771c,Groceries,2054.84,308.0,208.0,Spring,No,Sunday,Other,Sunny,2,4.73,No,1.16,Positive
60bc626c,Clothing,3609.7,472.0,274.0,Summer,Yes,Thursday,In-Store,Cloudy,9,3.02,Yes,0.62,Negative
e8f58fa6,Electronics,3889.13,,188.0,Fall,Yes,Monday,In-Store,Snowy,12,1.3,Yes,3.59,Positive
cb9ed81b,Furniture,4080.26,323.0,290.0,Spring,No,Sunday,In-Store,Sunny,24,2.91,Yes,4.88,Negative
70b1022f,Groceries,156.56,218.0,101.0,Spring,Yes,Monday,In-Store,Cloudy,10,1.14,No,3.92,Neutral
885cce1a,Electronics,4692.75,124.0,174.0,Spring,No,Monday,Other,Snowy,13,2.45,Yes,1.93,Negative
f9e487ab,Electronics,3508.07,230.0,215.0,Summer,No,Monday,Online,Cloudy,17,2.34,No,1.54,Positive
69822329,Clothing,4429.19,,1500.0,Fall,Yes,Sunday,In-Store,Cloudy,5,4.69,No,2.25,Negative
a2ad4fa1,Clothing,596.14,345.0,,Winter,Yes,Thursday,In-Store,Sunny,12,3.37,No,3.79,Negative
ab140eac,Electronics,342.42,174.0,49.0,Summer,No,Friday,Online,Rainy,22,2.38,Yes,4.52,Neutral
2f880606,Furniture,2351.75,0.0,244.0,Fall,Yes,Thursday,Other,Sunny,13,3.51,Yes,3.47,Neutral
e97079c4,Groceries,1675.01,186.0,152.0,Winter,Yes,Sunday,In-Store,Cloudy,18,4.97,No,1.24,Neutral
a60a6862,Furniture,348.05,417.0,292.0,Winter,Yes,Saturday,Online,Sunny,8,4.55,Yes,2.71,Positive
59b0307f,Groceries,504.66,270.0,294.0,Summer,No,Tuesday,Online,Rainy,12,4.4,Yes,1.0,Negative
16fd7ffd,Groceries,3735.72,61.0,24.0,Fall,Yes,Saturday,In-Store,Cloudy,12,2.19,No,1.51,Neutral
dc0bd2f9,Furniture,548.71,207.0,88.0,Winter,Yes,Saturday,Other,Sunny,15,4.39,No,2.93,Positive
8fc4dc8d,Groceries,168.63,282.0,148.0,Summer,No,Tuesday,Online,Unknown,2,1.92,No,1.35,Negative
22501000,Clothing,49719.3,198.0,91.0,Winter,Yes,Wednesday,In-Store,Cloudy,7,4.86,Yes,3.64,Neutral
1e849bc3,Furniture,2110.46,51.0,1500.0,Fall,No,Sunday,Online,Cloudy,10,1.09,No,2.78,Positive
72dd49ec,Furniture,648.2,451.0,261.0,Winter,Yes,Saturday,In-Store,Cloudy,17,3.61,No,2.42,Neutral
e4976f72,Electronics,357.23,106.0,,Spring,Yes,Monday,In-Store,Snowy,5,2.37,No,0.7,Negative
c6f67e36,Furniture,4246.23,213.0,3.0,Fall,No,Saturday,In-Store,Sunny,20,1.44,No,4.46,Negative
8818a33f,Furniture,1034.12,134.0,217.0,Spring,No,Monday,In-Store,Cloudy,15,4.96,No,4.59,Neutral
4adef570,Electronics,2035.26,27.0,1.0,Spring,Yes,Sunday,In-Store,Cloudy,7,1.21,Yes,3.73,Neutral
952a3652,Groceries,3821.91,199.0,270.0,Spring,No,Tuesday,In-Store,Cloudy,4,4.66,No,2.93,Neutral
29057535,Electronics,912.25,,274.0,Spring,No,Wednesday,In-Store,Unknown,15,4.59,Yes,1.71,Negative
24211a55,Groceries,2627.72,,90.0,Fall,No,Thursday,In-Store,Rainy,17,2.75,No,3.36,Neutral
32236a1a,Electronics,1485.41,304.0,181.0,Summer,No,Saturday,In-Store,Sunny,14,2.75,Yes,1.19,Positive
1fea63df,Furniture,2969.7,10.0,170.0,Spring,Yes,Saturday,In-Store,Cloudy,3,4.38,Yes,1.93,Positive
7a57dfd0,Clothing,4302.68,499.0,29.0,Summer,No,Friday,Online,Sunny,22,4.39,No,0.8,Neutral
c3d58add,Clothing,4908.99,134.0,26.0,Fall,Yes,Thursday,In-Store,Rainy,12,4.72,No,1.78,Negative
a378a57b,Groceries,57.09,333.0,177.0,Fall,No,Saturday,Other,Cloudy,27,4.04,No,0.86,Neutral
86864012,Furniture,2617.82,434.0,66.0,Fall,No,Wednesday,In-Store,Rainy,11,3.21,Yes,2.15,Negative
23b32b61,Clothing,942.96,382.0,216.0,Fall,Yes,Saturday,Online,Snowy,13,2.9,Yes,1.63,Neutral
cd8fb4cc,Clothing,2764.98,101.0,15.0,Fall,No,Friday,Online,Sunny,6,3.7,Yes,2.46,Negative
bbcb196b,Clothing,232.2,425.0,23.0,Fall,No,Tuesday,In-Store,Cloudy,10,3.86,No,3.45,Negative
54a00cc2,Furniture,1998.87,327.0,82.0,Spring,No,Sunday,Other,Rainy,28,3.47,No,4.65,Negative
31f9569e,Electronics,2881.51,482.0,93.0,Summer,No,Saturday,In-Store,Snowy,14,1.17,No,2.97,Positive
b5c61f44,Clothing,4426.36,151.0,233.0,Fall,No,Monday,In-Store,Sunny,28,4.58,Yes,1.5,Positive
2dc0a5f4,Furniture,3056.66,,124.0,Winter,No,Sunday,Online,Cloudy,2,1.45,No,2.15,Positive
c7c5f407,Groceries,1795.05,268.0,107.0,Spring,Yes,Sunday,Online,Snowy,4,2.19,No,2.83,Neutral
cf82fe83,Groceries,49719.3,295.0,118.0,Spring,No,Saturday,Online,Sunny,19,4.91,No,2.53,Negative
e9c2546f,Electronics,4559.57,321.0,,Fall,Yes,Saturday,Online,Rainy,24,2.89,Yes,0.96,Positive
3b6fba86,Groceries,3098.7,330.0,175.0,Fall,No,Monday,Online,Rainy,4,4.63,Yes,4.81,Negative
ce4466fb,Groceries,3174.56,141.0,114.0,Fall,Yes,Monday,In-Store,Cloudy,10,4.02,No,4.61,Positive
c892879f,Groceries,4786.19,199.0,96.0,Spring,Yes,Saturday,Online,Cloudy,1,1.68,No,2.08,Positive
ca1f66cf,Clothing,452.44,131.0,244.0,Fall,Yes,Monday,Online,Sunny,1,4.19,No,2.61,Neutral
d6b08af0,Furniture,3420.64,262.0,85.0,Fall,Yes,Friday,Online,Snowy,15,3.34,Yes,1.55,Negative
4ef12332,Clothing,2535.4,199.0,190.0,Spring,No,Thursday,In-Store,Rainy,27,1.89,Yes,1.38,Positive
f7da0119,Clothing,4107.65,211.0,230.0,Spring,No,Tuesday,In-Store,Cloudy,17,3.35,Yes,4.33,Negative
5e01125b,Electronics,378.91,289.0,192.0,Winter,No,Saturday,In-Store,Rainy,26,4.97,No,4.6,Positive
92f892be,Clothing,4579.04,439.0,116.0,Fall,No,Monday,In-Store,Rainy,1,3.41,Yes,4.49,Neutral
67d98f05,Clothing,449.01,,44.0,Spring,No,Wednesday,Online,Sunny,10,1.25,No,4.72,Positive
05f21c9c,Clothing,1796.04,400.0,25.0,Spring,Yes,Sunday,In-Store,Snowy,27,2.05,Yes,1.46,Positive
2adb38d4,Electronics,4051.93,35.0,109.0,Spring,Yes,Saturday,In-Store,Rainy,1,4.1,Yes,3.76,Positive
e00b2f0b,Clothing,1007.13,374.0,9.0,Winter,Yes,Thursday,Online,Snowy,23,3.42,Yes,4.08,Negative
6accdc48,Clothing,712.1,244.0,70.0,Summer,No,Friday,Online,Rainy,13,3.44,No,4.4,Negative
edd73651,Groceries,872.8,284.0,,Winter,Yes,Friday,In-Store,Snowy,25,1.23,Yes,2.41,Neutral
af55be65,Clothing,39.25,109.0,126.0,Winter,Yes,Friday,Online,Cloudy,24,3.9,No,2.58,Neutral
a9601d5e,Electronics,2797.47,314.0,206.0,Fall,Yes,Tuesday,In-Store,Snowy,4,4.51,No,2.65,Positive
097d44a7,Furniture,3102.76,4.0,203.0,Fall,Yes,Sunday,Online,Cloudy,15,4.89,No,0.95,Neutral
d9656073,Electronics,3479.44,168.0,72.0,Winter,No,Wednesday,Online,Rainy,27,4.38,Yes,0.97,Neutral
bc0ff7c6,Groceries,2429.73,420.0,156.0,Summer,No,Tuesday,Online,Rainy,6,4.66,No,1.72,Negative
575600b1,Furniture,2805.1,37.0,202.0,Winter,No,Monday,In-Store,Snowy,21,1.59,No,1.16,Neutral
2e5a992f,Electronics,4410.69,430.0,200.0,Spring,Yes,Saturday,Other,Sunny,10,2.93,No,2.3,Neutral
801c4cdf,Clothing,440.42,207.0,206.0,Spring,No,Tuesday,Online,Cloudy,4,1.24,No,4.4,Negative
b79e50ac,Electronics,3856.14,393.0,87.0,Winter,Yes,Sunday,Online,Snowy,21,1.7,Yes,3.01,Positive
f3ac3867,Furniture,80.48,283.0,120.0,Winter,Yes,Tuesday,In-Store,Rainy,21,4.72,No,3.67,Negative
689966c1,Electronics,2657.78,463.0,4.0,Spring,No,Saturday,Online,Snowy,27,4.73,Yes,3.12,Negative
13c98f3f,Furniture,2154.4,361.0,129.0,Fall,Yes,Wednesday,In-Store,Snowy,30,4.93,No,3.43,Negative
d196927b,Groceries,3768.21,267.0,212.0,Winter,Yes,Wednesday,Online,Rainy,20,1.91,No,2.05,Neutral
c658b621,Clothing,1388.06,422.0,283.0,Winter,Yes,Monday,In-Store,Cloudy,12,2.08,No,0.72,Neutral
4ea8e7df,Furniture,4766.6,441.0,18.0,Winter,Yes,Friday,In-Store,Rainy,20,3.47,Yes,1.06,Negative
d2efbbbd,Electronics,1338.75,201.0,20.0,Spring,No,Tuesday,Online,Snowy,16,1.89,Yes,2.3,Positive
a61bbb6d,Groceries,4587.39,93.0,179.0,Fall,No,Tuesday,In-Store,Cloudy,15,3.15,No,1.15,Positive
185295f6,Electronics,700.74,21.0,219.0,Fall,Yes,Monday,In-Store,Cloudy,8,4.16,Yes,4.53,Positive
f4fdf318,Electronics,508.02,33.0,215.0,Fall,No,Saturday,In-Store,Snowy,8,1.02,No,2.42,Positive
24ccfcc2,Electronics,1012.48,164.0,96.0,Fall,Yes,Saturday,Online,Cloudy,25,1.79,Yes,4.29,Positive
9d1e7cf1,Groceries,2583.16,25.0,109.0,Winter,Yes,Monday,Online,Unknown,22,1.36,Yes,1.95,Positive
8d3e57eb,Electronics,4305.41,150.0,13.0,Summer,Yes,Monday,Online,Snowy,23,4.49,No,3.36,Negative
ed3b6b95,Furniture,3101.52,246.0,44.0,Winter,Yes,Wednesday,Online,Rainy,14,3.96,No,4.17,Neutral
dc65568a,Groceries,49719.3,459.0,196.0,Fall,No,Sunday,Online,Snowy,25,4.97,Yes,3.98,Negative
c3646952,Furniture,2036.65,440.0,221.0,Winter,No,Sunday,Online,Unknown,27,4.04,Yes,3.01,Neutral
b1520385,Furniture,2361.98,349.0,17.0,Spring,Yes,Sunday,Online,Cloudy,21,4.55,Yes,3.1,Neutral
2cb90e0f,Clothing,1629.87,362.0,141.0,Spring,No,Sunday,In-Store,Sunny,13,2.25,Yes,2.56,Neutral
2e7731fc,Clothing,2715.11,387.0,17.0,Winter,Yes,Friday,Online,Unknown,4,3.9,Yes,3.39,Negative
089db524,Clothing,49719.3,41.0,94.0,Spring,Yes,Monday,Online,Rainy,13,2.95,Yes,3.75,Negative
60ed9cb3,Electronics,49719.3,86.0,270.0,Fall,No,Monday,In-Store,Rainy,8,4.55,Yes,4.53,Positive
e0bc6376,Furniture,2902.58,324.0,292.0,Summer,Yes,Wednesday,In-Store,Rainy,28,1.33,No,3.18,Neutral
2526c8d1,Electronics,3871.78,,13.0,Spring,No,Sunday,In-Store,Snowy,19,3.08,No,4.32,Negative
0e49135f,Groceries,2317.79,423.0,207.0,Summer,No,Friday,Other,Sunny,4,3.19,Yes,0.5,Neutral
23b32b61,Clothing,942.96,382.0,216.0,Fall,Yes,Saturday,Online,Snowy,13,2.9,Yes,1.63,Neutral
2c6a43f6,Clothing,1186.72,446.0,,Fall,No,Tuesday,In-Store,Unknown,24,4.56,No,1.31,Positive
65b365a8,Clothing,2121.86,244.0,18.0,Fall,Yes,Thursday,In-Store,Snowy,4,1.99,No,3.93,Negative
37085fd2,Furniture,4868.72,284.0,9.0,Summer,No,Tuesday,In-Store,Unknown,17,3.68,No,1.22,Positive
6ae5672a,Groceries,734.19,48.0,151.0,Spring,No,Saturday,Online,Unknown,27,2.79,No,4.42,Negative
27eefc0b,Groceries,2236.81,378.0,187.0,Summer,No,Saturday,Online,Rainy,15,2.71,Yes,4.8,Neutral
e1a99db6,Furniture,273.42,60.0,291.0,Fall,Yes,Sunday,Other,Cloudy,29,1.1,Yes,1.39,Positive
89df31b6,Furniture,1813.91,,73.0,Fall,Yes,Tuesday,Online,Snowy,22,3.22,Yes,4.87,Negative
c5c57710,Furniture,772.24,376.0,268.0,Winter,No,Monday,Online,Sunny,19,2.4,No,2.78,Positive
938a85cb,Electronics,1398.91,224.0,28.0,Winter,No,Thursday,Online,Snowy,12,1.35,No,0.52,Neutral
e7d1bf5d,Electronics,678.75,489.0,2.0,Fall,No,Saturday,Online,Rainy,29,2.3,Yes,2.28,Positive
074894d8,Furniture,3320.47,96.0,153.0,Winter,No,Sunday,Online,Sunny,4,1.62,Yes,1.0,Neutral
1a6408d7,Furniture,3425.83,282.0,192.0,Spring,Yes,Saturday,In-Store,Rainy,24,2.63,No,2.28,Negative
a64adc80,Groceries,643.95,62.0,196.0,Summer,Yes,Sunday,Online,Sunny,6,3.52,No,1.46,Neutral
43000adb,Furniture,49719.3,227.0,218.0,Fall,No,Tuesday,In-Store,Cloudy,25,2.0,Yes,4.54,Negative
f4c8a6d4,Clothing,4124.88,149.0,1500.0,Fall,Yes,Friday,In-Store,Cloudy,29,4.85,Yes,4.16,Negative
47ab96f2,Furniture,840.01,296.0,,Spring,No,Monday,Online,Rainy,30,4.95,No,4.61,Positive
93cac011,Clothing,2105.72,149.0,,Spring,No,Sunday,In-Store,Unknown,20,2.79,No,0.99,Positive
9c8bf157,Groceries,4730.25,327.0,279.0,Summer,Yes,Monday,Online,Snowy,11,1.52,No,4.32,Negative
f2de30e7,Clothing,2135.25,332.0,118.0,Fall,No,Saturday,Other,Snowy,27,4.0,Yes,2.33,Neutral
d8539388,Electronics,380.14,11.0,,Fall,No,Friday,Other,Unknown,15,1.54,No,4.91,Neutral
5cfaf7ba,Groceries,4214.03,179.0,1500.0,Summer,No,Sunday,Online,Sunny,13,4.86,No,0.75,Positive
4684493a,Furniture,3917.47,126.0,58.0,Summer,Yes,Wednesday,In-Store,Cloudy,27,1.31,No,1.62,Negative
952a3652,Groceries,3821.91,199.0,270.0,Spring,No,Tuesday,In-Store,Cloudy,4,4.66,No,2.93,Neutral
e6ca3921,Clothing,2359.4,123.0,189.0,Spring,No,Friday,In-Store,Rainy,17,3.07,No,2.09,Neutral
aa8d31f1,Groceries,868.62,378.0,,Winter,No,Wednesday,In-Store,Rainy,6,3.99,Yes,1.97,Negative
95080775,Clothing,4796.41,93.0,205.0,Summer,No,Wednesday,Online,Cloudy,1,1.7,Yes,2.96,Negative
4d42f06b,Electronics,4445.69,211.0,97.0,Winter,Yes,Wednesday,In-Store,Cloudy,5,3.61,No,2.94,Positive
92f892be,Clothing,4579.04,439.0,116.0,Fall,No,Monday,In-Store,Rainy,1,3.41,Yes,4.49,Neutral
53acce7b,Electronics,1612.6,463.0,276.0,Spring,Yes,Sunday,Online,Rainy,20,3.31,Yes,4.35,Neutral
91b201b6,Clothing,169.21,483.0,,Winter,Yes,Thursday,Online,Rainy,11,3.17,No,1.16,Negative
81acb314,Groceries,4526.8,292.0,100.0,Spring,No,Tuesday,In-Store,Cloudy,14,4.24,Yes,0.72,Neutral
30f5f1b0,Groceries,4841.15,164.0,,Summer,No,Saturday,In-Store,Cloudy,23,1.8,Yes,0.58,Negative
4966fb4a,Groceries,3213.34,215.0,125.0,Spring,Yes,Sunday,In-Store,Unknown,24,2.79,No,2.31,Negative
8d1b6e14,Electronics,2210.8,31.0,207.0,Summer,No,Wednesday,In-Store,Snowy,17,2.66,Yes,2.01,Negative
dc65568a,Groceries,49719.3,459.0,196.0,Fall,No,Sunday,Online,Snowy,25,4.97,Yes,3.98,Negative
c529b081,Electronics,4417.16,305.0,,Fall,Yes,Sunday,Online,Rainy,9,2.53,Yes,3.32,Neutral
1f9f2064,Clothing,4752.76,459.0,219.0,Spring,No,Friday,In-Store,Snowy,9,3.29,No,3.64,Positive
e8b55409,Electronics,2306.54,170.0,166.0,Spring,Yes,Wednesday,Online,Rainy,23,3.13,No,4.84,Positive
70ff41e7,Clothing,2785.55,,1500.0,Spring,Yes,Thursday,In-Store,Cloudy,24,3.94,Yes,4.55,Neutral
22891daf,Clothing,3770.53,,211.0,Spring,No,Friday,In-Store,Sunny,8,3.2,No,0.85,Positive
097d44a7,Furniture,3102.76,4.0,203.0,Fall,Yes,Sunday,Online,Cloudy,15,4.89,No,0.95,Neutral
513da5b7,Groceries,4605.04,242.0,1500.0,Winter,No,Saturday,In-Store,Sunny,24,3.02,No,1.3,Positive
79eedb31,Clothing,3202.51,97.0,233.0,Winter,Yes,Saturday,Online,Sunny,29,3.93,Yes,0.86,Neutral
